category,date,value,type,age,age_char
general,2020-01-01,1,boolean,NA,NA
general,2020-04-12,1,boolean,NA,NA
general,2020-04-13,1,boolean,NA,NA
general,2020-05-01,1,boolean,NA,NA
general,2020-05-21,1,boolean,NA,NA
general,2020-05-31,1,boolean,NA,NA
general,2020-06-01,1,boolean,NA,NA
general,2020-07-21,1,boolean,NA,NA
general,2020-11-01,1,boolean,NA,NA
general,2020-11-11,1,boolean,NA,NA
general,2020-12-25,1,boolean,NA,NA
schools_closed,2020-01-01,1,double,0,0
schools_closed,2020-01-01,1,double,1,1
schools_closed,2020-01-01,1,double,2,2
schools_closed,2020-01-01,1,double,3,3
schools_closed,2020-01-01,1,double,4,4
schools_closed,2020-01-01,1,double,5,5
schools_closed,2020-01-01,1,double,6,6
schools_closed,2020-01-01,1,double,7,7
schools_closed,2020-01-01,1,double,8,8
schools_closed,2020-01-01,1,double,9,9
schools_closed,2020-01-01,1,double,10,10
schools_closed,2020-01-01,1,double,11,11
schools_closed,2020-01-01,1,double,12,12
schools_closed,2020-01-01,1,double,13,13
schools_closed,2020-01-01,1,double,14,14
schools_closed,2020-01-01,1,double,15,15
schools_closed,2020-01-01,1,double,16,16
schools_closed,2020-01-01,1,double,17,17
schools_closed,2020-01-01,1,double,18,18
schools_closed,2020-01-01,1,double,19,19
schools_closed,2020-01-01,1,double,20,20
schools_closed,2020-01-01,1,double,21,21
schools_closed,2020-01-01,1,double,22,22
schools_closed,2020-01-01,1,double,23,23
schools_closed,2020-01-01,1,double,24,24
schools_closed,2020-01-01,1,double,25,25
schools_closed,2020-04-12,1,double,0,0
schools_closed,2020-04-12,1,double,1,1
schools_closed,2020-04-12,1,double,2,2
schools_closed,2020-04-12,1,double,3,3
schools_closed,2020-04-12,1,double,4,4
schools_closed,2020-04-12,1,double,5,5
schools_closed,2020-04-12,1,double,6,6
schools_closed,2020-04-12,1,double,7,7
schools_closed,2020-04-12,1,double,8,8
schools_closed,2020-04-12,1,double,9,9
schools_closed,2020-04-12,1,double,10,10
schools_closed,2020-04-12,1,double,11,11
schools_closed,2020-04-12,1,double,12,12
schools_closed,2020-04-12,1,double,13,13
schools_closed,2020-04-12,1,double,14,14
schools_closed,2020-04-12,1,double,15,15
schools_closed,2020-04-12,1,double,16,16
schools_closed,2020-04-12,1,double,17,17
schools_closed,2020-04-12,1,double,18,18
schools_closed,2020-04-12,1,double,19,19
schools_closed,2020-04-12,1,double,20,20
schools_closed,2020-04-12,1,double,21,21
schools_closed,2020-04-12,1,double,22,22
schools_closed,2020-04-12,1,double,23,23
schools_closed,2020-04-12,1,double,24,24
schools_closed,2020-04-12,1,double,25,25
schools_closed,2020-04-13,1,double,0,0
schools_closed,2020-04-13,1,double,1,1
schools_closed,2020-04-13,1,double,2,2
schools_closed,2020-04-13,1,double,3,3
schools_closed,2020-04-13,1,double,4,4
schools_closed,2020-04-13,1,double,5,5
schools_closed,2020-04-13,1,double,6,6
schools_closed,2020-04-13,1,double,7,7
schools_closed,2020-04-13,1,double,8,8
schools_closed,2020-04-13,1,double,9,9
schools_closed,2020-04-13,1,double,10,10
schools_closed,2020-04-13,1,double,11,11
schools_closed,2020-04-13,1,double,12,12
schools_closed,2020-04-13,1,double,13,13
schools_closed,2020-04-13,1,double,14,14
schools_closed,2020-04-13,1,double,15,15
schools_closed,2020-04-13,1,double,16,16
schools_closed,2020-04-13,1,double,17,17
schools_closed,2020-04-13,1,double,18,18
schools_closed,2020-04-13,1,double,19,19
schools_closed,2020-04-13,1,double,20,20
schools_closed,2020-04-13,1,double,21,21
schools_closed,2020-04-13,1,double,22,22
schools_closed,2020-04-13,1,double,23,23
schools_closed,2020-04-13,1,double,24,24
schools_closed,2020-04-13,1,double,25,25
schools_closed,2020-05-01,1,double,0,0
schools_closed,2020-05-01,1,double,1,1
schools_closed,2020-05-01,1,double,2,2
schools_closed,2020-05-01,1,double,3,3
schools_closed,2020-05-01,1,double,4,4
schools_closed,2020-05-01,1,double,5,5
schools_closed,2020-05-01,1,double,6,6
schools_closed,2020-05-01,1,double,7,7
schools_closed,2020-05-01,1,double,8,8
schools_closed,2020-05-01,1,double,9,9
schools_closed,2020-05-01,1,double,10,10
schools_closed,2020-05-01,1,double,11,11
schools_closed,2020-05-01,1,double,12,12
schools_closed,2020-05-01,1,double,13,13
schools_closed,2020-05-01,1,double,14,14
schools_closed,2020-05-01,1,double,15,15
schools_closed,2020-05-01,1,double,16,16
schools_closed,2020-05-01,1,double,17,17
schools_closed,2020-05-01,1,double,18,18
schools_closed,2020-05-01,1,double,19,19
schools_closed,2020-05-01,1,double,20,20
schools_closed,2020-05-01,1,double,21,21
schools_closed,2020-05-01,1,double,22,22
schools_closed,2020-05-01,1,double,23,23
schools_closed,2020-05-01,1,double,24,24
schools_closed,2020-05-01,1,double,25,25
schools_closed,2020-05-21,1,double,0,0
schools_closed,2020-05-21,1,double,1,1
schools_closed,2020-05-21,1,double,2,2
schools_closed,2020-05-21,1,double,3,3
schools_closed,2020-05-21,1,double,4,4
schools_closed,2020-05-21,1,double,5,5
schools_closed,2020-05-21,1,double,6,6
schools_closed,2020-05-21,1,double,7,7
schools_closed,2020-05-21,1,double,8,8
schools_closed,2020-05-21,1,double,9,9
schools_closed,2020-05-21,1,double,10,10
schools_closed,2020-05-21,1,double,11,11
schools_closed,2020-05-21,1,double,12,12
schools_closed,2020-05-21,1,double,13,13
schools_closed,2020-05-21,1,double,14,14
schools_closed,2020-05-21,1,double,15,15
schools_closed,2020-05-21,1,double,16,16
schools_closed,2020-05-21,1,double,17,17
schools_closed,2020-05-21,1,double,18,18
schools_closed,2020-05-21,1,double,19,19
schools_closed,2020-05-21,1,double,20,20
schools_closed,2020-05-21,1,double,21,21
schools_closed,2020-05-21,1,double,22,22
schools_closed,2020-05-21,1,double,23,23
schools_closed,2020-05-21,1,double,24,24
schools_closed,2020-05-21,1,double,25,25
schools_closed,2020-05-31,1,double,0,0
schools_closed,2020-05-31,1,double,1,1
schools_closed,2020-05-31,1,double,2,2
schools_closed,2020-05-31,1,double,3,3
schools_closed,2020-05-31,1,double,4,4
schools_closed,2020-05-31,1,double,5,5
schools_closed,2020-05-31,1,double,6,6
schools_closed,2020-05-31,1,double,7,7
schools_closed,2020-05-31,1,double,8,8
schools_closed,2020-05-31,1,double,9,9
schools_closed,2020-05-31,1,double,10,10
schools_closed,2020-05-31,1,double,11,11
schools_closed,2020-05-31,1,double,12,12
schools_closed,2020-05-31,1,double,13,13
schools_closed,2020-05-31,1,double,14,14
schools_closed,2020-05-31,1,double,15,15
schools_closed,2020-05-31,1,double,16,16
schools_closed,2020-05-31,1,double,17,17
schools_closed,2020-05-31,1,double,18,18
schools_closed,2020-05-31,1,double,19,19
schools_closed,2020-05-31,1,double,20,20
schools_closed,2020-05-31,1,double,21,21
schools_closed,2020-05-31,1,double,22,22
schools_closed,2020-05-31,1,double,23,23
schools_closed,2020-05-31,1,double,24,24
schools_closed,2020-05-31,1,double,25,25
schools_closed,2020-06-01,1,double,0,0
schools_closed,2020-06-01,1,double,1,1
schools_closed,2020-06-01,1,double,2,2
schools_closed,2020-06-01,1,double,3,3
schools_closed,2020-06-01,1,double,4,4
schools_closed,2020-06-01,1,double,5,5
schools_closed,2020-06-01,1,double,6,6
schools_closed,2020-06-01,1,double,7,7
schools_closed,2020-06-01,1,double,8,8
schools_closed,2020-06-01,1,double,9,9
schools_closed,2020-06-01,1,double,10,10
schools_closed,2020-06-01,1,double,11,11
schools_closed,2020-06-01,1,double,12,12
schools_closed,2020-06-01,1,double,13,13
schools_closed,2020-06-01,1,double,14,14
schools_closed,2020-06-01,1,double,15,15
schools_closed,2020-06-01,1,double,16,16
schools_closed,2020-06-01,1,double,17,17
schools_closed,2020-06-01,1,double,18,18
schools_closed,2020-06-01,1,double,19,19
schools_closed,2020-06-01,1,double,20,20
schools_closed,2020-06-01,1,double,21,21
schools_closed,2020-06-01,1,double,22,22
schools_closed,2020-06-01,1,double,23,23
schools_closed,2020-06-01,1,double,24,24
schools_closed,2020-06-01,1,double,25,25
schools_closed,2020-07-21,1,double,0,0
schools_closed,2020-07-21,1,double,1,1
schools_closed,2020-07-21,1,double,2,2
schools_closed,2020-07-21,1,double,3,3
schools_closed,2020-07-21,1,double,4,4
schools_closed,2020-07-21,1,double,5,5
schools_closed,2020-07-21,1,double,6,6
schools_closed,2020-07-21,1,double,7,7
schools_closed,2020-07-21,1,double,8,8
schools_closed,2020-07-21,1,double,9,9
schools_closed,2020-07-21,1,double,10,10
schools_closed,2020-07-21,1,double,11,11
schools_closed,2020-07-21,1,double,12,12
schools_closed,2020-07-21,1,double,13,13
schools_closed,2020-07-21,1,double,14,14
schools_closed,2020-07-21,1,double,15,15
schools_closed,2020-07-21,1,double,16,16
schools_closed,2020-07-21,1,double,17,17
schools_closed,2020-07-21,1,double,18,18
schools_closed,2020-07-21,1,double,19,19
schools_closed,2020-07-21,1,double,20,20
schools_closed,2020-07-21,1,double,21,21
schools_closed,2020-07-21,1,double,22,22
schools_closed,2020-07-21,1,double,23,23
schools_closed,2020-07-21,1,double,24,24
schools_closed,2020-07-21,1,double,25,25
schools_closed,2020-11-01,1,double,0,0
schools_closed,2020-11-01,1,double,1,1
schools_closed,2020-11-01,1,double,2,2
schools_closed,2020-11-01,1,double,3,3
schools_closed,2020-11-01,1,double,4,4
schools_closed,2020-11-01,1,double,5,5
schools_closed,2020-11-01,1,double,6,6
schools_closed,2020-11-01,1,double,7,7
schools_closed,2020-11-01,1,double,8,8
schools_closed,2020-11-01,1,double,9,9
schools_closed,2020-11-01,1,double,10,10
schools_closed,2020-11-01,1,double,11,11
schools_closed,2020-11-01,1,double,12,12
schools_closed,2020-11-01,1,double,13,13
schools_closed,2020-11-01,1,double,14,14
schools_closed,2020-11-01,1,double,15,15
schools_closed,2020-11-01,1,double,16,16
schools_closed,2020-11-01,1,double,17,17
schools_closed,2020-11-01,1,double,18,18
schools_closed,2020-11-01,1,double,19,19
schools_closed,2020-11-01,1,double,20,20
schools_closed,2020-11-01,1,double,21,21
schools_closed,2020-11-01,1,double,22,22
schools_closed,2020-11-01,1,double,23,23
schools_closed,2020-11-01,1,double,24,24
schools_closed,2020-11-01,1,double,25,25
schools_closed,2020-11-11,1,double,0,0
schools_closed,2020-11-11,1,double,1,1
schools_closed,2020-11-11,1,double,2,2
schools_closed,2020-11-11,1,double,3,3
schools_closed,2020-11-11,1,double,4,4
schools_closed,2020-11-11,1,double,5,5
schools_closed,2020-11-11,1,double,6,6
schools_closed,2020-11-11,1,double,7,7
schools_closed,2020-11-11,1,double,8,8
schools_closed,2020-11-11,1,double,9,9
schools_closed,2020-11-11,1,double,10,10
schools_closed,2020-11-11,1,double,11,11
schools_closed,2020-11-11,1,double,12,12
schools_closed,2020-11-11,1,double,13,13
schools_closed,2020-11-11,1,double,14,14
schools_closed,2020-11-11,1,double,15,15
schools_closed,2020-11-11,1,double,16,16
schools_closed,2020-11-11,1,double,17,17
schools_closed,2020-11-11,1,double,18,18
schools_closed,2020-11-11,1,double,19,19
schools_closed,2020-11-11,1,double,20,20
schools_closed,2020-11-11,1,double,21,21
schools_closed,2020-11-11,1,double,22,22
schools_closed,2020-11-11,1,double,23,23
schools_closed,2020-11-11,1,double,24,24
schools_closed,2020-11-11,1,double,25,25
schools_closed,2020-12-25,1,double,0,0
schools_closed,2020-12-25,1,double,1,1
schools_closed,2020-12-25,1,double,2,2
schools_closed,2020-12-25,1,double,3,3
schools_closed,2020-12-25,1,double,4,4
schools_closed,2020-12-25,1,double,5,5
schools_closed,2020-12-25,1,double,6,6
schools_closed,2020-12-25,1,double,7,7
schools_closed,2020-12-25,1,double,8,8
schools_closed,2020-12-25,1,double,9,9
schools_closed,2020-12-25,1,double,10,10
schools_closed,2020-12-25,1,double,11,11
schools_closed,2020-12-25,1,double,12,12
schools_closed,2020-12-25,1,double,13,13
schools_closed,2020-12-25,1,double,14,14
schools_closed,2020-12-25,1,double,15,15
schools_closed,2020-12-25,1,double,16,16
schools_closed,2020-12-25,1,double,17,17
schools_closed,2020-12-25,1,double,18,18
schools_closed,2020-12-25,1,double,19,19
schools_closed,2020-12-25,1,double,20,20
schools_closed,2020-12-25,1,double,21,21
schools_closed,2020-12-25,1,double,22,22
schools_closed,2020-12-25,1,double,23,23
schools_closed,2020-12-25,1,double,24,24
schools_closed,2020-12-25,1,double,25,25
community_distancing,2020-03-13,0.85,double,NA,NA
workplace_distancing,2020-03-13,0.85,double,NA,NA
schools_closed,2020-03-13,1,double,0,0
schools_closed,2020-03-13,1,double,1,1
schools_closed,2020-03-13,1,double,2,2
schools_closed,2020-03-13,1,double,3,3
schools_closed,2020-03-13,1,double,4,4
schools_closed,2020-03-13,1,double,5,5
schools_closed,2020-03-13,1,double,6,6
schools_closed,2020-03-13,1,double,7,7
schools_closed,2020-03-13,1,double,8,8
schools_closed,2020-03-13,1,double,9,9
schools_closed,2020-03-13,1,double,10,10
schools_closed,2020-03-13,1,double,11,11
schools_closed,2020-03-13,1,double,12,12
schools_closed,2020-03-13,1,double,13,13
schools_closed,2020-03-13,1,double,14,14
schools_closed,2020-03-13,1,double,15,15
schools_closed,2020-03-13,1,double,16,16
schools_closed,2020-03-13,1,double,17,17
schools_closed,2020-03-13,1,double,18,18
schools_closed,2020-03-13,1,double,19,19
schools_closed,2020-03-13,1,double,20,20
schools_closed,2020-03-13,1,double,21,21
schools_closed,2020-03-13,1,double,22,22
schools_closed,2020-03-13,1,double,23,23
schools_closed,2020-03-13,1,double,24,24
schools_closed,2020-03-13,1,double,25,25
community_distancing,2020-03-14,0.85,double,NA,NA
workplace_distancing,2020-03-14,0.85,double,NA,NA
schools_closed,2020-03-14,1,double,0,0
schools_closed,2020-03-14,1,double,1,1
schools_closed,2020-03-14,1,double,2,2
schools_closed,2020-03-14,1,double,3,3
schools_closed,2020-03-14,1,double,4,4
schools_closed,2020-03-14,1,double,5,5
schools_closed,2020-03-14,1,double,6,6
schools_closed,2020-03-14,1,double,7,7
schools_closed,2020-03-14,1,double,8,8
schools_closed,2020-03-14,1,double,9,9
schools_closed,2020-03-14,1,double,10,10
schools_closed,2020-03-14,1,double,11,11
schools_closed,2020-03-14,1,double,12,12
schools_closed,2020-03-14,1,double,13,13
schools_closed,2020-03-14,1,double,14,14
schools_closed,2020-03-14,1,double,15,15
schools_closed,2020-03-14,1,double,16,16
schools_closed,2020-03-14,1,double,17,17
schools_closed,2020-03-14,1,double,18,18
schools_closed,2020-03-14,1,double,19,19
schools_closed,2020-03-14,1,double,20,20
schools_closed,2020-03-14,1,double,21,21
schools_closed,2020-03-14,1,double,22,22
schools_closed,2020-03-14,1,double,23,23
schools_closed,2020-03-14,1,double,24,24
schools_closed,2020-03-14,1,double,25,25
community_distancing,2020-03-15,0.85,double,NA,NA
workplace_distancing,2020-03-15,0.85,double,NA,NA
schools_closed,2020-03-15,1,double,0,0
schools_closed,2020-03-15,1,double,1,1
schools_closed,2020-03-15,1,double,2,2
schools_closed,2020-03-15,1,double,3,3
schools_closed,2020-03-15,1,double,4,4
schools_closed,2020-03-15,1,double,5,5
schools_closed,2020-03-15,1,double,6,6
schools_closed,2020-03-15,1,double,7,7
schools_closed,2020-03-15,1,double,8,8
schools_closed,2020-03-15,1,double,9,9
schools_closed,2020-03-15,1,double,10,10
schools_closed,2020-03-15,1,double,11,11
schools_closed,2020-03-15,1,double,12,12
schools_closed,2020-03-15,1,double,13,13
schools_closed,2020-03-15,1,double,14,14
schools_closed,2020-03-15,1,double,15,15
schools_closed,2020-03-15,1,double,16,16
schools_closed,2020-03-15,1,double,17,17
schools_closed,2020-03-15,1,double,18,18
schools_closed,2020-03-15,1,double,19,19
schools_closed,2020-03-15,1,double,20,20
schools_closed,2020-03-15,1,double,21,21
schools_closed,2020-03-15,1,double,22,22
schools_closed,2020-03-15,1,double,23,23
schools_closed,2020-03-15,1,double,24,24
schools_closed,2020-03-15,1,double,25,25
community_distancing,2020-03-16,0.85,double,NA,NA
workplace_distancing,2020-03-16,0.85,double,NA,NA
schools_closed,2020-03-16,1,double,0,0
schools_closed,2020-03-16,1,double,1,1
schools_closed,2020-03-16,1,double,2,2
schools_closed,2020-03-16,1,double,3,3
schools_closed,2020-03-16,1,double,4,4
schools_closed,2020-03-16,1,double,5,5
schools_closed,2020-03-16,1,double,6,6
schools_closed,2020-03-16,1,double,7,7
schools_closed,2020-03-16,1,double,8,8
schools_closed,2020-03-16,1,double,9,9
schools_closed,2020-03-16,1,double,10,10
schools_closed,2020-03-16,1,double,11,11
schools_closed,2020-03-16,1,double,12,12
schools_closed,2020-03-16,1,double,13,13
schools_closed,2020-03-16,1,double,14,14
schools_closed,2020-03-16,1,double,15,15
schools_closed,2020-03-16,1,double,16,16
schools_closed,2020-03-16,1,double,17,17
schools_closed,2020-03-16,1,double,18,18
schools_closed,2020-03-16,1,double,19,19
schools_closed,2020-03-16,1,double,20,20
schools_closed,2020-03-16,1,double,21,21
schools_closed,2020-03-16,1,double,22,22
schools_closed,2020-03-16,1,double,23,23
schools_closed,2020-03-16,1,double,24,24
schools_closed,2020-03-16,1,double,25,25
community_distancing,2020-03-17,0.85,double,NA,NA
workplace_distancing,2020-03-17,0.85,double,NA,NA
schools_closed,2020-03-17,1,double,0,0
schools_closed,2020-03-17,1,double,1,1
schools_closed,2020-03-17,1,double,2,2
schools_closed,2020-03-17,1,double,3,3
schools_closed,2020-03-17,1,double,4,4
schools_closed,2020-03-17,1,double,5,5
schools_closed,2020-03-17,1,double,6,6
schools_closed,2020-03-17,1,double,7,7
schools_closed,2020-03-17,1,double,8,8
schools_closed,2020-03-17,1,double,9,9
schools_closed,2020-03-17,1,double,10,10
schools_closed,2020-03-17,1,double,11,11
schools_closed,2020-03-17,1,double,12,12
schools_closed,2020-03-17,1,double,13,13
schools_closed,2020-03-17,1,double,14,14
schools_closed,2020-03-17,1,double,15,15
schools_closed,2020-03-17,1,double,16,16
schools_closed,2020-03-17,1,double,17,17
schools_closed,2020-03-17,1,double,18,18
schools_closed,2020-03-17,1,double,19,19
schools_closed,2020-03-17,1,double,20,20
schools_closed,2020-03-17,1,double,21,21
schools_closed,2020-03-17,1,double,22,22
schools_closed,2020-03-17,1,double,23,23
schools_closed,2020-03-17,1,double,24,24
schools_closed,2020-03-17,1,double,25,25
community_distancing,2020-03-18,0.85,double,NA,NA
workplace_distancing,2020-03-18,0.85,double,NA,NA
schools_closed,2020-03-18,1,double,0,0
schools_closed,2020-03-18,1,double,1,1
schools_closed,2020-03-18,1,double,2,2
schools_closed,2020-03-18,1,double,3,3
schools_closed,2020-03-18,1,double,4,4
schools_closed,2020-03-18,1,double,5,5
schools_closed,2020-03-18,1,double,6,6
schools_closed,2020-03-18,1,double,7,7
schools_closed,2020-03-18,1,double,8,8
schools_closed,2020-03-18,1,double,9,9
schools_closed,2020-03-18,1,double,10,10
schools_closed,2020-03-18,1,double,11,11
schools_closed,2020-03-18,1,double,12,12
schools_closed,2020-03-18,1,double,13,13
schools_closed,2020-03-18,1,double,14,14
schools_closed,2020-03-18,1,double,15,15
schools_closed,2020-03-18,1,double,16,16
schools_closed,2020-03-18,1,double,17,17
schools_closed,2020-03-18,1,double,18,18
schools_closed,2020-03-18,1,double,19,19
schools_closed,2020-03-18,1,double,20,20
schools_closed,2020-03-18,1,double,21,21
schools_closed,2020-03-18,1,double,22,22
schools_closed,2020-03-18,1,double,23,23
schools_closed,2020-03-18,1,double,24,24
schools_closed,2020-03-18,1,double,25,25
community_distancing,2020-03-19,0.85,double,NA,NA
workplace_distancing,2020-03-19,0.85,double,NA,NA
schools_closed,2020-03-19,1,double,0,0
schools_closed,2020-03-19,1,double,1,1
schools_closed,2020-03-19,1,double,2,2
schools_closed,2020-03-19,1,double,3,3
schools_closed,2020-03-19,1,double,4,4
schools_closed,2020-03-19,1,double,5,5
schools_closed,2020-03-19,1,double,6,6
schools_closed,2020-03-19,1,double,7,7
schools_closed,2020-03-19,1,double,8,8
schools_closed,2020-03-19,1,double,9,9
schools_closed,2020-03-19,1,double,10,10
schools_closed,2020-03-19,1,double,11,11
schools_closed,2020-03-19,1,double,12,12
schools_closed,2020-03-19,1,double,13,13
schools_closed,2020-03-19,1,double,14,14
schools_closed,2020-03-19,1,double,15,15
schools_closed,2020-03-19,1,double,16,16
schools_closed,2020-03-19,1,double,17,17
schools_closed,2020-03-19,1,double,18,18
schools_closed,2020-03-19,1,double,19,19
schools_closed,2020-03-19,1,double,20,20
schools_closed,2020-03-19,1,double,21,21
schools_closed,2020-03-19,1,double,22,22
schools_closed,2020-03-19,1,double,23,23
schools_closed,2020-03-19,1,double,24,24
schools_closed,2020-03-19,1,double,25,25
community_distancing,2020-03-20,0.85,double,NA,NA
workplace_distancing,2020-03-20,0.85,double,NA,NA
schools_closed,2020-03-20,1,double,0,0
schools_closed,2020-03-20,1,double,1,1
schools_closed,2020-03-20,1,double,2,2
schools_closed,2020-03-20,1,double,3,3
schools_closed,2020-03-20,1,double,4,4
schools_closed,2020-03-20,1,double,5,5
schools_closed,2020-03-20,1,double,6,6
schools_closed,2020-03-20,1,double,7,7
schools_closed,2020-03-20,1,double,8,8
schools_closed,2020-03-20,1,double,9,9
schools_closed,2020-03-20,1,double,10,10
schools_closed,2020-03-20,1,double,11,11
schools_closed,2020-03-20,1,double,12,12
schools_closed,2020-03-20,1,double,13,13
schools_closed,2020-03-20,1,double,14,14
schools_closed,2020-03-20,1,double,15,15
schools_closed,2020-03-20,1,double,16,16
schools_closed,2020-03-20,1,double,17,17
schools_closed,2020-03-20,1,double,18,18
schools_closed,2020-03-20,1,double,19,19
schools_closed,2020-03-20,1,double,20,20
schools_closed,2020-03-20,1,double,21,21
schools_closed,2020-03-20,1,double,22,22
schools_closed,2020-03-20,1,double,23,23
schools_closed,2020-03-20,1,double,24,24
schools_closed,2020-03-20,1,double,25,25
community_distancing,2020-03-21,0.85,double,NA,NA
workplace_distancing,2020-03-21,0.85,double,NA,NA
schools_closed,2020-03-21,1,double,0,0
schools_closed,2020-03-21,1,double,1,1
schools_closed,2020-03-21,1,double,2,2
schools_closed,2020-03-21,1,double,3,3
schools_closed,2020-03-21,1,double,4,4
schools_closed,2020-03-21,1,double,5,5
schools_closed,2020-03-21,1,double,6,6
schools_closed,2020-03-21,1,double,7,7
schools_closed,2020-03-21,1,double,8,8
schools_closed,2020-03-21,1,double,9,9
schools_closed,2020-03-21,1,double,10,10
schools_closed,2020-03-21,1,double,11,11
schools_closed,2020-03-21,1,double,12,12
schools_closed,2020-03-21,1,double,13,13
schools_closed,2020-03-21,1,double,14,14
schools_closed,2020-03-21,1,double,15,15
schools_closed,2020-03-21,1,double,16,16
schools_closed,2020-03-21,1,double,17,17
schools_closed,2020-03-21,1,double,18,18
schools_closed,2020-03-21,1,double,19,19
schools_closed,2020-03-21,1,double,20,20
schools_closed,2020-03-21,1,double,21,21
schools_closed,2020-03-21,1,double,22,22
schools_closed,2020-03-21,1,double,23,23
schools_closed,2020-03-21,1,double,24,24
schools_closed,2020-03-21,1,double,25,25
community_distancing,2020-03-22,0.85,double,NA,NA
workplace_distancing,2020-03-22,0.85,double,NA,NA
schools_closed,2020-03-22,1,double,0,0
schools_closed,2020-03-22,1,double,1,1
schools_closed,2020-03-22,1,double,2,2
schools_closed,2020-03-22,1,double,3,3
schools_closed,2020-03-22,1,double,4,4
schools_closed,2020-03-22,1,double,5,5
schools_closed,2020-03-22,1,double,6,6
schools_closed,2020-03-22,1,double,7,7
schools_closed,2020-03-22,1,double,8,8
schools_closed,2020-03-22,1,double,9,9
schools_closed,2020-03-22,1,double,10,10
schools_closed,2020-03-22,1,double,11,11
schools_closed,2020-03-22,1,double,12,12
schools_closed,2020-03-22,1,double,13,13
schools_closed,2020-03-22,1,double,14,14
schools_closed,2020-03-22,1,double,15,15
schools_closed,2020-03-22,1,double,16,16
schools_closed,2020-03-22,1,double,17,17
schools_closed,2020-03-22,1,double,18,18
schools_closed,2020-03-22,1,double,19,19
schools_closed,2020-03-22,1,double,20,20
schools_closed,2020-03-22,1,double,21,21
schools_closed,2020-03-22,1,double,22,22
schools_closed,2020-03-22,1,double,23,23
schools_closed,2020-03-22,1,double,24,24
schools_closed,2020-03-22,1,double,25,25
community_distancing,2020-03-23,0.85,double,NA,NA
workplace_distancing,2020-03-23,0.85,double,NA,NA
schools_closed,2020-03-23,1,double,0,0
schools_closed,2020-03-23,1,double,1,1
schools_closed,2020-03-23,1,double,2,2
schools_closed,2020-03-23,1,double,3,3
schools_closed,2020-03-23,1,double,4,4
schools_closed,2020-03-23,1,double,5,5
schools_closed,2020-03-23,1,double,6,6
schools_closed,2020-03-23,1,double,7,7
schools_closed,2020-03-23,1,double,8,8
schools_closed,2020-03-23,1,double,9,9
schools_closed,2020-03-23,1,double,10,10
schools_closed,2020-03-23,1,double,11,11
schools_closed,2020-03-23,1,double,12,12
schools_closed,2020-03-23,1,double,13,13
schools_closed,2020-03-23,1,double,14,14
schools_closed,2020-03-23,1,double,15,15
schools_closed,2020-03-23,1,double,16,16
schools_closed,2020-03-23,1,double,17,17
schools_closed,2020-03-23,1,double,18,18
schools_closed,2020-03-23,1,double,19,19
schools_closed,2020-03-23,1,double,20,20
schools_closed,2020-03-23,1,double,21,21
schools_closed,2020-03-23,1,double,22,22
schools_closed,2020-03-23,1,double,23,23
schools_closed,2020-03-23,1,double,24,24
schools_closed,2020-03-23,1,double,25,25
community_distancing,2020-03-24,0.85,double,NA,NA
workplace_distancing,2020-03-24,0.85,double,NA,NA
schools_closed,2020-03-24,1,double,0,0
schools_closed,2020-03-24,1,double,1,1
schools_closed,2020-03-24,1,double,2,2
schools_closed,2020-03-24,1,double,3,3
schools_closed,2020-03-24,1,double,4,4
schools_closed,2020-03-24,1,double,5,5
schools_closed,2020-03-24,1,double,6,6
schools_closed,2020-03-24,1,double,7,7
schools_closed,2020-03-24,1,double,8,8
schools_closed,2020-03-24,1,double,9,9
schools_closed,2020-03-24,1,double,10,10
schools_closed,2020-03-24,1,double,11,11
schools_closed,2020-03-24,1,double,12,12
schools_closed,2020-03-24,1,double,13,13
schools_closed,2020-03-24,1,double,14,14
schools_closed,2020-03-24,1,double,15,15
schools_closed,2020-03-24,1,double,16,16
schools_closed,2020-03-24,1,double,17,17
schools_closed,2020-03-24,1,double,18,18
schools_closed,2020-03-24,1,double,19,19
schools_closed,2020-03-24,1,double,20,20
schools_closed,2020-03-24,1,double,21,21
schools_closed,2020-03-24,1,double,22,22
schools_closed,2020-03-24,1,double,23,23
schools_closed,2020-03-24,1,double,24,24
schools_closed,2020-03-24,1,double,25,25
community_distancing,2020-03-25,0.85,double,NA,NA
workplace_distancing,2020-03-25,0.85,double,NA,NA
schools_closed,2020-03-25,1,double,0,0
schools_closed,2020-03-25,1,double,1,1
schools_closed,2020-03-25,1,double,2,2
schools_closed,2020-03-25,1,double,3,3
schools_closed,2020-03-25,1,double,4,4
schools_closed,2020-03-25,1,double,5,5
schools_closed,2020-03-25,1,double,6,6
schools_closed,2020-03-25,1,double,7,7
schools_closed,2020-03-25,1,double,8,8
schools_closed,2020-03-25,1,double,9,9
schools_closed,2020-03-25,1,double,10,10
schools_closed,2020-03-25,1,double,11,11
schools_closed,2020-03-25,1,double,12,12
schools_closed,2020-03-25,1,double,13,13
schools_closed,2020-03-25,1,double,14,14
schools_closed,2020-03-25,1,double,15,15
schools_closed,2020-03-25,1,double,16,16
schools_closed,2020-03-25,1,double,17,17
schools_closed,2020-03-25,1,double,18,18
schools_closed,2020-03-25,1,double,19,19
schools_closed,2020-03-25,1,double,20,20
schools_closed,2020-03-25,1,double,21,21
schools_closed,2020-03-25,1,double,22,22
schools_closed,2020-03-25,1,double,23,23
schools_closed,2020-03-25,1,double,24,24
schools_closed,2020-03-25,1,double,25,25
community_distancing,2020-03-26,0.85,double,NA,NA
workplace_distancing,2020-03-26,0.85,double,NA,NA
schools_closed,2020-03-26,1,double,0,0
schools_closed,2020-03-26,1,double,1,1
schools_closed,2020-03-26,1,double,2,2
schools_closed,2020-03-26,1,double,3,3
schools_closed,2020-03-26,1,double,4,4
schools_closed,2020-03-26,1,double,5,5
schools_closed,2020-03-26,1,double,6,6
schools_closed,2020-03-26,1,double,7,7
schools_closed,2020-03-26,1,double,8,8
schools_closed,2020-03-26,1,double,9,9
schools_closed,2020-03-26,1,double,10,10
schools_closed,2020-03-26,1,double,11,11
schools_closed,2020-03-26,1,double,12,12
schools_closed,2020-03-26,1,double,13,13
schools_closed,2020-03-26,1,double,14,14
schools_closed,2020-03-26,1,double,15,15
schools_closed,2020-03-26,1,double,16,16
schools_closed,2020-03-26,1,double,17,17
schools_closed,2020-03-26,1,double,18,18
schools_closed,2020-03-26,1,double,19,19
schools_closed,2020-03-26,1,double,20,20
schools_closed,2020-03-26,1,double,21,21
schools_closed,2020-03-26,1,double,22,22
schools_closed,2020-03-26,1,double,23,23
schools_closed,2020-03-26,1,double,24,24
schools_closed,2020-03-26,1,double,25,25
community_distancing,2020-03-27,0.85,double,NA,NA
workplace_distancing,2020-03-27,0.85,double,NA,NA
schools_closed,2020-03-27,1,double,0,0
schools_closed,2020-03-27,1,double,1,1
schools_closed,2020-03-27,1,double,2,2
schools_closed,2020-03-27,1,double,3,3
schools_closed,2020-03-27,1,double,4,4
schools_closed,2020-03-27,1,double,5,5
schools_closed,2020-03-27,1,double,6,6
schools_closed,2020-03-27,1,double,7,7
schools_closed,2020-03-27,1,double,8,8
schools_closed,2020-03-27,1,double,9,9
schools_closed,2020-03-27,1,double,10,10
schools_closed,2020-03-27,1,double,11,11
schools_closed,2020-03-27,1,double,12,12
schools_closed,2020-03-27,1,double,13,13
schools_closed,2020-03-27,1,double,14,14
schools_closed,2020-03-27,1,double,15,15
schools_closed,2020-03-27,1,double,16,16
schools_closed,2020-03-27,1,double,17,17
schools_closed,2020-03-27,1,double,18,18
schools_closed,2020-03-27,1,double,19,19
schools_closed,2020-03-27,1,double,20,20
schools_closed,2020-03-27,1,double,21,21
schools_closed,2020-03-27,1,double,22,22
schools_closed,2020-03-27,1,double,23,23
schools_closed,2020-03-27,1,double,24,24
schools_closed,2020-03-27,1,double,25,25
community_distancing,2020-03-28,0.85,double,NA,NA
workplace_distancing,2020-03-28,0.85,double,NA,NA
schools_closed,2020-03-28,1,double,0,0
schools_closed,2020-03-28,1,double,1,1
schools_closed,2020-03-28,1,double,2,2
schools_closed,2020-03-28,1,double,3,3
schools_closed,2020-03-28,1,double,4,4
schools_closed,2020-03-28,1,double,5,5
schools_closed,2020-03-28,1,double,6,6
schools_closed,2020-03-28,1,double,7,7
schools_closed,2020-03-28,1,double,8,8
schools_closed,2020-03-28,1,double,9,9
schools_closed,2020-03-28,1,double,10,10
schools_closed,2020-03-28,1,double,11,11
schools_closed,2020-03-28,1,double,12,12
schools_closed,2020-03-28,1,double,13,13
schools_closed,2020-03-28,1,double,14,14
schools_closed,2020-03-28,1,double,15,15
schools_closed,2020-03-28,1,double,16,16
schools_closed,2020-03-28,1,double,17,17
schools_closed,2020-03-28,1,double,18,18
schools_closed,2020-03-28,1,double,19,19
schools_closed,2020-03-28,1,double,20,20
schools_closed,2020-03-28,1,double,21,21
schools_closed,2020-03-28,1,double,22,22
schools_closed,2020-03-28,1,double,23,23
schools_closed,2020-03-28,1,double,24,24
schools_closed,2020-03-28,1,double,25,25
community_distancing,2020-03-29,0.85,double,NA,NA
workplace_distancing,2020-03-29,0.85,double,NA,NA
schools_closed,2020-03-29,1,double,0,0
schools_closed,2020-03-29,1,double,1,1
schools_closed,2020-03-29,1,double,2,2
schools_closed,2020-03-29,1,double,3,3
schools_closed,2020-03-29,1,double,4,4
schools_closed,2020-03-29,1,double,5,5
schools_closed,2020-03-29,1,double,6,6
schools_closed,2020-03-29,1,double,7,7
schools_closed,2020-03-29,1,double,8,8
schools_closed,2020-03-29,1,double,9,9
schools_closed,2020-03-29,1,double,10,10
schools_closed,2020-03-29,1,double,11,11
schools_closed,2020-03-29,1,double,12,12
schools_closed,2020-03-29,1,double,13,13
schools_closed,2020-03-29,1,double,14,14
schools_closed,2020-03-29,1,double,15,15
schools_closed,2020-03-29,1,double,16,16
schools_closed,2020-03-29,1,double,17,17
schools_closed,2020-03-29,1,double,18,18
schools_closed,2020-03-29,1,double,19,19
schools_closed,2020-03-29,1,double,20,20
schools_closed,2020-03-29,1,double,21,21
schools_closed,2020-03-29,1,double,22,22
schools_closed,2020-03-29,1,double,23,23
schools_closed,2020-03-29,1,double,24,24
schools_closed,2020-03-29,1,double,25,25
community_distancing,2020-03-30,0.85,double,NA,NA
workplace_distancing,2020-03-30,0.85,double,NA,NA
schools_closed,2020-03-30,1,double,0,0
schools_closed,2020-03-30,1,double,1,1
schools_closed,2020-03-30,1,double,2,2
schools_closed,2020-03-30,1,double,3,3
schools_closed,2020-03-30,1,double,4,4
schools_closed,2020-03-30,1,double,5,5
schools_closed,2020-03-30,1,double,6,6
schools_closed,2020-03-30,1,double,7,7
schools_closed,2020-03-30,1,double,8,8
schools_closed,2020-03-30,1,double,9,9
schools_closed,2020-03-30,1,double,10,10
schools_closed,2020-03-30,1,double,11,11
schools_closed,2020-03-30,1,double,12,12
schools_closed,2020-03-30,1,double,13,13
schools_closed,2020-03-30,1,double,14,14
schools_closed,2020-03-30,1,double,15,15
schools_closed,2020-03-30,1,double,16,16
schools_closed,2020-03-30,1,double,17,17
schools_closed,2020-03-30,1,double,18,18
schools_closed,2020-03-30,1,double,19,19
schools_closed,2020-03-30,1,double,20,20
schools_closed,2020-03-30,1,double,21,21
schools_closed,2020-03-30,1,double,22,22
schools_closed,2020-03-30,1,double,23,23
schools_closed,2020-03-30,1,double,24,24
schools_closed,2020-03-30,1,double,25,25
community_distancing,2020-03-31,0.85,double,NA,NA
workplace_distancing,2020-03-31,0.85,double,NA,NA
schools_closed,2020-03-31,1,double,0,0
schools_closed,2020-03-31,1,double,1,1
schools_closed,2020-03-31,1,double,2,2
schools_closed,2020-03-31,1,double,3,3
schools_closed,2020-03-31,1,double,4,4
schools_closed,2020-03-31,1,double,5,5
schools_closed,2020-03-31,1,double,6,6
schools_closed,2020-03-31,1,double,7,7
schools_closed,2020-03-31,1,double,8,8
schools_closed,2020-03-31,1,double,9,9
schools_closed,2020-03-31,1,double,10,10
schools_closed,2020-03-31,1,double,11,11
schools_closed,2020-03-31,1,double,12,12
schools_closed,2020-03-31,1,double,13,13
schools_closed,2020-03-31,1,double,14,14
schools_closed,2020-03-31,1,double,15,15
schools_closed,2020-03-31,1,double,16,16
schools_closed,2020-03-31,1,double,17,17
schools_closed,2020-03-31,1,double,18,18
schools_closed,2020-03-31,1,double,19,19
schools_closed,2020-03-31,1,double,20,20
schools_closed,2020-03-31,1,double,21,21
schools_closed,2020-03-31,1,double,22,22
schools_closed,2020-03-31,1,double,23,23
schools_closed,2020-03-31,1,double,24,24
schools_closed,2020-03-31,1,double,25,25
community_distancing,2020-04-01,0.85,double,NA,NA
workplace_distancing,2020-04-01,0.85,double,NA,NA
schools_closed,2020-04-01,1,double,0,0
schools_closed,2020-04-01,1,double,1,1
schools_closed,2020-04-01,1,double,2,2
schools_closed,2020-04-01,1,double,3,3
schools_closed,2020-04-01,1,double,4,4
schools_closed,2020-04-01,1,double,5,5
schools_closed,2020-04-01,1,double,6,6
schools_closed,2020-04-01,1,double,7,7
schools_closed,2020-04-01,1,double,8,8
schools_closed,2020-04-01,1,double,9,9
schools_closed,2020-04-01,1,double,10,10
schools_closed,2020-04-01,1,double,11,11
schools_closed,2020-04-01,1,double,12,12
schools_closed,2020-04-01,1,double,13,13
schools_closed,2020-04-01,1,double,14,14
schools_closed,2020-04-01,1,double,15,15
schools_closed,2020-04-01,1,double,16,16
schools_closed,2020-04-01,1,double,17,17
schools_closed,2020-04-01,1,double,18,18
schools_closed,2020-04-01,1,double,19,19
schools_closed,2020-04-01,1,double,20,20
schools_closed,2020-04-01,1,double,21,21
schools_closed,2020-04-01,1,double,22,22
schools_closed,2020-04-01,1,double,23,23
schools_closed,2020-04-01,1,double,24,24
schools_closed,2020-04-01,1,double,25,25
community_distancing,2020-04-02,0.85,double,NA,NA
workplace_distancing,2020-04-02,0.85,double,NA,NA
schools_closed,2020-04-02,1,double,0,0
schools_closed,2020-04-02,1,double,1,1
schools_closed,2020-04-02,1,double,2,2
schools_closed,2020-04-02,1,double,3,3
schools_closed,2020-04-02,1,double,4,4
schools_closed,2020-04-02,1,double,5,5
schools_closed,2020-04-02,1,double,6,6
schools_closed,2020-04-02,1,double,7,7
schools_closed,2020-04-02,1,double,8,8
schools_closed,2020-04-02,1,double,9,9
schools_closed,2020-04-02,1,double,10,10
schools_closed,2020-04-02,1,double,11,11
schools_closed,2020-04-02,1,double,12,12
schools_closed,2020-04-02,1,double,13,13
schools_closed,2020-04-02,1,double,14,14
schools_closed,2020-04-02,1,double,15,15
schools_closed,2020-04-02,1,double,16,16
schools_closed,2020-04-02,1,double,17,17
schools_closed,2020-04-02,1,double,18,18
schools_closed,2020-04-02,1,double,19,19
schools_closed,2020-04-02,1,double,20,20
schools_closed,2020-04-02,1,double,21,21
schools_closed,2020-04-02,1,double,22,22
schools_closed,2020-04-02,1,double,23,23
schools_closed,2020-04-02,1,double,24,24
schools_closed,2020-04-02,1,double,25,25
community_distancing,2020-04-03,0.85,double,NA,NA
workplace_distancing,2020-04-03,0.85,double,NA,NA
schools_closed,2020-04-03,1,double,0,0
schools_closed,2020-04-03,1,double,1,1
schools_closed,2020-04-03,1,double,2,2
schools_closed,2020-04-03,1,double,3,3
schools_closed,2020-04-03,1,double,4,4
schools_closed,2020-04-03,1,double,5,5
schools_closed,2020-04-03,1,double,6,6
schools_closed,2020-04-03,1,double,7,7
schools_closed,2020-04-03,1,double,8,8
schools_closed,2020-04-03,1,double,9,9
schools_closed,2020-04-03,1,double,10,10
schools_closed,2020-04-03,1,double,11,11
schools_closed,2020-04-03,1,double,12,12
schools_closed,2020-04-03,1,double,13,13
schools_closed,2020-04-03,1,double,14,14
schools_closed,2020-04-03,1,double,15,15
schools_closed,2020-04-03,1,double,16,16
schools_closed,2020-04-03,1,double,17,17
schools_closed,2020-04-03,1,double,18,18
schools_closed,2020-04-03,1,double,19,19
schools_closed,2020-04-03,1,double,20,20
schools_closed,2020-04-03,1,double,21,21
schools_closed,2020-04-03,1,double,22,22
schools_closed,2020-04-03,1,double,23,23
schools_closed,2020-04-03,1,double,24,24
schools_closed,2020-04-03,1,double,25,25
community_distancing,2020-04-04,0.85,double,NA,NA
workplace_distancing,2020-04-04,0.85,double,NA,NA
schools_closed,2020-04-04,1,double,0,0
schools_closed,2020-04-04,1,double,1,1
schools_closed,2020-04-04,1,double,2,2
schools_closed,2020-04-04,1,double,3,3
schools_closed,2020-04-04,1,double,4,4
schools_closed,2020-04-04,1,double,5,5
schools_closed,2020-04-04,1,double,6,6
schools_closed,2020-04-04,1,double,7,7
schools_closed,2020-04-04,1,double,8,8
schools_closed,2020-04-04,1,double,9,9
schools_closed,2020-04-04,1,double,10,10
schools_closed,2020-04-04,1,double,11,11
schools_closed,2020-04-04,1,double,12,12
schools_closed,2020-04-04,1,double,13,13
schools_closed,2020-04-04,1,double,14,14
schools_closed,2020-04-04,1,double,15,15
schools_closed,2020-04-04,1,double,16,16
schools_closed,2020-04-04,1,double,17,17
schools_closed,2020-04-04,1,double,18,18
schools_closed,2020-04-04,1,double,19,19
schools_closed,2020-04-04,1,double,20,20
schools_closed,2020-04-04,1,double,21,21
schools_closed,2020-04-04,1,double,22,22
schools_closed,2020-04-04,1,double,23,23
schools_closed,2020-04-04,1,double,24,24
schools_closed,2020-04-04,1,double,25,25
community_distancing,2020-04-05,0.85,double,NA,NA
workplace_distancing,2020-04-05,0.85,double,NA,NA
schools_closed,2020-04-05,1,double,0,0
schools_closed,2020-04-05,1,double,1,1
schools_closed,2020-04-05,1,double,2,2
schools_closed,2020-04-05,1,double,3,3
schools_closed,2020-04-05,1,double,4,4
schools_closed,2020-04-05,1,double,5,5
schools_closed,2020-04-05,1,double,6,6
schools_closed,2020-04-05,1,double,7,7
schools_closed,2020-04-05,1,double,8,8
schools_closed,2020-04-05,1,double,9,9
schools_closed,2020-04-05,1,double,10,10
schools_closed,2020-04-05,1,double,11,11
schools_closed,2020-04-05,1,double,12,12
schools_closed,2020-04-05,1,double,13,13
schools_closed,2020-04-05,1,double,14,14
schools_closed,2020-04-05,1,double,15,15
schools_closed,2020-04-05,1,double,16,16
schools_closed,2020-04-05,1,double,17,17
schools_closed,2020-04-05,1,double,18,18
schools_closed,2020-04-05,1,double,19,19
schools_closed,2020-04-05,1,double,20,20
schools_closed,2020-04-05,1,double,21,21
schools_closed,2020-04-05,1,double,22,22
schools_closed,2020-04-05,1,double,23,23
schools_closed,2020-04-05,1,double,24,24
schools_closed,2020-04-05,1,double,25,25
community_distancing,2020-04-06,0.85,double,NA,NA
workplace_distancing,2020-04-06,0.85,double,NA,NA
schools_closed,2020-04-06,1,double,0,0
schools_closed,2020-04-06,1,double,1,1
schools_closed,2020-04-06,1,double,2,2
schools_closed,2020-04-06,1,double,3,3
schools_closed,2020-04-06,1,double,4,4
schools_closed,2020-04-06,1,double,5,5
schools_closed,2020-04-06,1,double,6,6
schools_closed,2020-04-06,1,double,7,7
schools_closed,2020-04-06,1,double,8,8
schools_closed,2020-04-06,1,double,9,9
schools_closed,2020-04-06,1,double,10,10
schools_closed,2020-04-06,1,double,11,11
schools_closed,2020-04-06,1,double,12,12
schools_closed,2020-04-06,1,double,13,13
schools_closed,2020-04-06,1,double,14,14
schools_closed,2020-04-06,1,double,15,15
schools_closed,2020-04-06,1,double,16,16
schools_closed,2020-04-06,1,double,17,17
schools_closed,2020-04-06,1,double,18,18
schools_closed,2020-04-06,1,double,19,19
schools_closed,2020-04-06,1,double,20,20
schools_closed,2020-04-06,1,double,21,21
schools_closed,2020-04-06,1,double,22,22
schools_closed,2020-04-06,1,double,23,23
schools_closed,2020-04-06,1,double,24,24
schools_closed,2020-04-06,1,double,25,25
community_distancing,2020-04-07,0.85,double,NA,NA
workplace_distancing,2020-04-07,0.85,double,NA,NA
schools_closed,2020-04-07,1,double,0,0
schools_closed,2020-04-07,1,double,1,1
schools_closed,2020-04-07,1,double,2,2
schools_closed,2020-04-07,1,double,3,3
schools_closed,2020-04-07,1,double,4,4
schools_closed,2020-04-07,1,double,5,5
schools_closed,2020-04-07,1,double,6,6
schools_closed,2020-04-07,1,double,7,7
schools_closed,2020-04-07,1,double,8,8
schools_closed,2020-04-07,1,double,9,9
schools_closed,2020-04-07,1,double,10,10
schools_closed,2020-04-07,1,double,11,11
schools_closed,2020-04-07,1,double,12,12
schools_closed,2020-04-07,1,double,13,13
schools_closed,2020-04-07,1,double,14,14
schools_closed,2020-04-07,1,double,15,15
schools_closed,2020-04-07,1,double,16,16
schools_closed,2020-04-07,1,double,17,17
schools_closed,2020-04-07,1,double,18,18
schools_closed,2020-04-07,1,double,19,19
schools_closed,2020-04-07,1,double,20,20
schools_closed,2020-04-07,1,double,21,21
schools_closed,2020-04-07,1,double,22,22
schools_closed,2020-04-07,1,double,23,23
schools_closed,2020-04-07,1,double,24,24
schools_closed,2020-04-07,1,double,25,25
community_distancing,2020-04-08,0.85,double,NA,NA
workplace_distancing,2020-04-08,0.85,double,NA,NA
schools_closed,2020-04-08,1,double,0,0
schools_closed,2020-04-08,1,double,1,1
schools_closed,2020-04-08,1,double,2,2
schools_closed,2020-04-08,1,double,3,3
schools_closed,2020-04-08,1,double,4,4
schools_closed,2020-04-08,1,double,5,5
schools_closed,2020-04-08,1,double,6,6
schools_closed,2020-04-08,1,double,7,7
schools_closed,2020-04-08,1,double,8,8
schools_closed,2020-04-08,1,double,9,9
schools_closed,2020-04-08,1,double,10,10
schools_closed,2020-04-08,1,double,11,11
schools_closed,2020-04-08,1,double,12,12
schools_closed,2020-04-08,1,double,13,13
schools_closed,2020-04-08,1,double,14,14
schools_closed,2020-04-08,1,double,15,15
schools_closed,2020-04-08,1,double,16,16
schools_closed,2020-04-08,1,double,17,17
schools_closed,2020-04-08,1,double,18,18
schools_closed,2020-04-08,1,double,19,19
schools_closed,2020-04-08,1,double,20,20
schools_closed,2020-04-08,1,double,21,21
schools_closed,2020-04-08,1,double,22,22
schools_closed,2020-04-08,1,double,23,23
schools_closed,2020-04-08,1,double,24,24
schools_closed,2020-04-08,1,double,25,25
community_distancing,2020-04-09,0.85,double,NA,NA
workplace_distancing,2020-04-09,0.85,double,NA,NA
schools_closed,2020-04-09,1,double,0,0
schools_closed,2020-04-09,1,double,1,1
schools_closed,2020-04-09,1,double,2,2
schools_closed,2020-04-09,1,double,3,3
schools_closed,2020-04-09,1,double,4,4
schools_closed,2020-04-09,1,double,5,5
schools_closed,2020-04-09,1,double,6,6
schools_closed,2020-04-09,1,double,7,7
schools_closed,2020-04-09,1,double,8,8
schools_closed,2020-04-09,1,double,9,9
schools_closed,2020-04-09,1,double,10,10
schools_closed,2020-04-09,1,double,11,11
schools_closed,2020-04-09,1,double,12,12
schools_closed,2020-04-09,1,double,13,13
schools_closed,2020-04-09,1,double,14,14
schools_closed,2020-04-09,1,double,15,15
schools_closed,2020-04-09,1,double,16,16
schools_closed,2020-04-09,1,double,17,17
schools_closed,2020-04-09,1,double,18,18
schools_closed,2020-04-09,1,double,19,19
schools_closed,2020-04-09,1,double,20,20
schools_closed,2020-04-09,1,double,21,21
schools_closed,2020-04-09,1,double,22,22
schools_closed,2020-04-09,1,double,23,23
schools_closed,2020-04-09,1,double,24,24
schools_closed,2020-04-09,1,double,25,25
community_distancing,2020-04-10,0.85,double,NA,NA
workplace_distancing,2020-04-10,0.85,double,NA,NA
schools_closed,2020-04-10,1,double,0,0
schools_closed,2020-04-10,1,double,1,1
schools_closed,2020-04-10,1,double,2,2
schools_closed,2020-04-10,1,double,3,3
schools_closed,2020-04-10,1,double,4,4
schools_closed,2020-04-10,1,double,5,5
schools_closed,2020-04-10,1,double,6,6
schools_closed,2020-04-10,1,double,7,7
schools_closed,2020-04-10,1,double,8,8
schools_closed,2020-04-10,1,double,9,9
schools_closed,2020-04-10,1,double,10,10
schools_closed,2020-04-10,1,double,11,11
schools_closed,2020-04-10,1,double,12,12
schools_closed,2020-04-10,1,double,13,13
schools_closed,2020-04-10,1,double,14,14
schools_closed,2020-04-10,1,double,15,15
schools_closed,2020-04-10,1,double,16,16
schools_closed,2020-04-10,1,double,17,17
schools_closed,2020-04-10,1,double,18,18
schools_closed,2020-04-10,1,double,19,19
schools_closed,2020-04-10,1,double,20,20
schools_closed,2020-04-10,1,double,21,21
schools_closed,2020-04-10,1,double,22,22
schools_closed,2020-04-10,1,double,23,23
schools_closed,2020-04-10,1,double,24,24
schools_closed,2020-04-10,1,double,25,25
community_distancing,2020-04-11,0.85,double,NA,NA
workplace_distancing,2020-04-11,0.85,double,NA,NA
schools_closed,2020-04-11,1,double,0,0
schools_closed,2020-04-11,1,double,1,1
schools_closed,2020-04-11,1,double,2,2
schools_closed,2020-04-11,1,double,3,3
schools_closed,2020-04-11,1,double,4,4
schools_closed,2020-04-11,1,double,5,5
schools_closed,2020-04-11,1,double,6,6
schools_closed,2020-04-11,1,double,7,7
schools_closed,2020-04-11,1,double,8,8
schools_closed,2020-04-11,1,double,9,9
schools_closed,2020-04-11,1,double,10,10
schools_closed,2020-04-11,1,double,11,11
schools_closed,2020-04-11,1,double,12,12
schools_closed,2020-04-11,1,double,13,13
schools_closed,2020-04-11,1,double,14,14
schools_closed,2020-04-11,1,double,15,15
schools_closed,2020-04-11,1,double,16,16
schools_closed,2020-04-11,1,double,17,17
schools_closed,2020-04-11,1,double,18,18
schools_closed,2020-04-11,1,double,19,19
schools_closed,2020-04-11,1,double,20,20
schools_closed,2020-04-11,1,double,21,21
schools_closed,2020-04-11,1,double,22,22
schools_closed,2020-04-11,1,double,23,23
schools_closed,2020-04-11,1,double,24,24
schools_closed,2020-04-11,1,double,25,25
community_distancing,2020-04-12,0.85,double,NA,NA
workplace_distancing,2020-04-12,0.85,double,NA,NA
schools_closed,2020-04-12,1,double,0,0
schools_closed,2020-04-12,1,double,1,1
schools_closed,2020-04-12,1,double,2,2
schools_closed,2020-04-12,1,double,3,3
schools_closed,2020-04-12,1,double,4,4
schools_closed,2020-04-12,1,double,5,5
schools_closed,2020-04-12,1,double,6,6
schools_closed,2020-04-12,1,double,7,7
schools_closed,2020-04-12,1,double,8,8
schools_closed,2020-04-12,1,double,9,9
schools_closed,2020-04-12,1,double,10,10
schools_closed,2020-04-12,1,double,11,11
schools_closed,2020-04-12,1,double,12,12
schools_closed,2020-04-12,1,double,13,13
schools_closed,2020-04-12,1,double,14,14
schools_closed,2020-04-12,1,double,15,15
schools_closed,2020-04-12,1,double,16,16
schools_closed,2020-04-12,1,double,17,17
schools_closed,2020-04-12,1,double,18,18
schools_closed,2020-04-12,1,double,19,19
schools_closed,2020-04-12,1,double,20,20
schools_closed,2020-04-12,1,double,21,21
schools_closed,2020-04-12,1,double,22,22
schools_closed,2020-04-12,1,double,23,23
schools_closed,2020-04-12,1,double,24,24
schools_closed,2020-04-12,1,double,25,25
community_distancing,2020-04-13,0.85,double,NA,NA
workplace_distancing,2020-04-13,0.85,double,NA,NA
schools_closed,2020-04-13,1,double,0,0
schools_closed,2020-04-13,1,double,1,1
schools_closed,2020-04-13,1,double,2,2
schools_closed,2020-04-13,1,double,3,3
schools_closed,2020-04-13,1,double,4,4
schools_closed,2020-04-13,1,double,5,5
schools_closed,2020-04-13,1,double,6,6
schools_closed,2020-04-13,1,double,7,7
schools_closed,2020-04-13,1,double,8,8
schools_closed,2020-04-13,1,double,9,9
schools_closed,2020-04-13,1,double,10,10
schools_closed,2020-04-13,1,double,11,11
schools_closed,2020-04-13,1,double,12,12
schools_closed,2020-04-13,1,double,13,13
schools_closed,2020-04-13,1,double,14,14
schools_closed,2020-04-13,1,double,15,15
schools_closed,2020-04-13,1,double,16,16
schools_closed,2020-04-13,1,double,17,17
schools_closed,2020-04-13,1,double,18,18
schools_closed,2020-04-13,1,double,19,19
schools_closed,2020-04-13,1,double,20,20
schools_closed,2020-04-13,1,double,21,21
schools_closed,2020-04-13,1,double,22,22
schools_closed,2020-04-13,1,double,23,23
schools_closed,2020-04-13,1,double,24,24
schools_closed,2020-04-13,1,double,25,25
community_distancing,2020-04-14,0.85,double,NA,NA
workplace_distancing,2020-04-14,0.85,double,NA,NA
schools_closed,2020-04-14,1,double,0,0
schools_closed,2020-04-14,1,double,1,1
schools_closed,2020-04-14,1,double,2,2
schools_closed,2020-04-14,1,double,3,3
schools_closed,2020-04-14,1,double,4,4
schools_closed,2020-04-14,1,double,5,5
schools_closed,2020-04-14,1,double,6,6
schools_closed,2020-04-14,1,double,7,7
schools_closed,2020-04-14,1,double,8,8
schools_closed,2020-04-14,1,double,9,9
schools_closed,2020-04-14,1,double,10,10
schools_closed,2020-04-14,1,double,11,11
schools_closed,2020-04-14,1,double,12,12
schools_closed,2020-04-14,1,double,13,13
schools_closed,2020-04-14,1,double,14,14
schools_closed,2020-04-14,1,double,15,15
schools_closed,2020-04-14,1,double,16,16
schools_closed,2020-04-14,1,double,17,17
schools_closed,2020-04-14,1,double,18,18
schools_closed,2020-04-14,1,double,19,19
schools_closed,2020-04-14,1,double,20,20
schools_closed,2020-04-14,1,double,21,21
schools_closed,2020-04-14,1,double,22,22
schools_closed,2020-04-14,1,double,23,23
schools_closed,2020-04-14,1,double,24,24
schools_closed,2020-04-14,1,double,25,25
community_distancing,2020-04-15,0.85,double,NA,NA
workplace_distancing,2020-04-15,0.85,double,NA,NA
schools_closed,2020-04-15,1,double,0,0
schools_closed,2020-04-15,1,double,1,1
schools_closed,2020-04-15,1,double,2,2
schools_closed,2020-04-15,1,double,3,3
schools_closed,2020-04-15,1,double,4,4
schools_closed,2020-04-15,1,double,5,5
schools_closed,2020-04-15,1,double,6,6
schools_closed,2020-04-15,1,double,7,7
schools_closed,2020-04-15,1,double,8,8
schools_closed,2020-04-15,1,double,9,9
schools_closed,2020-04-15,1,double,10,10
schools_closed,2020-04-15,1,double,11,11
schools_closed,2020-04-15,1,double,12,12
schools_closed,2020-04-15,1,double,13,13
schools_closed,2020-04-15,1,double,14,14
schools_closed,2020-04-15,1,double,15,15
schools_closed,2020-04-15,1,double,16,16
schools_closed,2020-04-15,1,double,17,17
schools_closed,2020-04-15,1,double,18,18
schools_closed,2020-04-15,1,double,19,19
schools_closed,2020-04-15,1,double,20,20
schools_closed,2020-04-15,1,double,21,21
schools_closed,2020-04-15,1,double,22,22
schools_closed,2020-04-15,1,double,23,23
schools_closed,2020-04-15,1,double,24,24
schools_closed,2020-04-15,1,double,25,25
community_distancing,2020-04-16,0.85,double,NA,NA
workplace_distancing,2020-04-16,0.85,double,NA,NA
schools_closed,2020-04-16,1,double,0,0
schools_closed,2020-04-16,1,double,1,1
schools_closed,2020-04-16,1,double,2,2
schools_closed,2020-04-16,1,double,3,3
schools_closed,2020-04-16,1,double,4,4
schools_closed,2020-04-16,1,double,5,5
schools_closed,2020-04-16,1,double,6,6
schools_closed,2020-04-16,1,double,7,7
schools_closed,2020-04-16,1,double,8,8
schools_closed,2020-04-16,1,double,9,9
schools_closed,2020-04-16,1,double,10,10
schools_closed,2020-04-16,1,double,11,11
schools_closed,2020-04-16,1,double,12,12
schools_closed,2020-04-16,1,double,13,13
schools_closed,2020-04-16,1,double,14,14
schools_closed,2020-04-16,1,double,15,15
schools_closed,2020-04-16,1,double,16,16
schools_closed,2020-04-16,1,double,17,17
schools_closed,2020-04-16,1,double,18,18
schools_closed,2020-04-16,1,double,19,19
schools_closed,2020-04-16,1,double,20,20
schools_closed,2020-04-16,1,double,21,21
schools_closed,2020-04-16,1,double,22,22
schools_closed,2020-04-16,1,double,23,23
schools_closed,2020-04-16,1,double,24,24
schools_closed,2020-04-16,1,double,25,25
community_distancing,2020-04-17,0.85,double,NA,NA
workplace_distancing,2020-04-17,0.85,double,NA,NA
schools_closed,2020-04-17,1,double,0,0
schools_closed,2020-04-17,1,double,1,1
schools_closed,2020-04-17,1,double,2,2
schools_closed,2020-04-17,1,double,3,3
schools_closed,2020-04-17,1,double,4,4
schools_closed,2020-04-17,1,double,5,5
schools_closed,2020-04-17,1,double,6,6
schools_closed,2020-04-17,1,double,7,7
schools_closed,2020-04-17,1,double,8,8
schools_closed,2020-04-17,1,double,9,9
schools_closed,2020-04-17,1,double,10,10
schools_closed,2020-04-17,1,double,11,11
schools_closed,2020-04-17,1,double,12,12
schools_closed,2020-04-17,1,double,13,13
schools_closed,2020-04-17,1,double,14,14
schools_closed,2020-04-17,1,double,15,15
schools_closed,2020-04-17,1,double,16,16
schools_closed,2020-04-17,1,double,17,17
schools_closed,2020-04-17,1,double,18,18
schools_closed,2020-04-17,1,double,19,19
schools_closed,2020-04-17,1,double,20,20
schools_closed,2020-04-17,1,double,21,21
schools_closed,2020-04-17,1,double,22,22
schools_closed,2020-04-17,1,double,23,23
schools_closed,2020-04-17,1,double,24,24
schools_closed,2020-04-17,1,double,25,25
community_distancing,2020-04-18,0.85,double,NA,NA
workplace_distancing,2020-04-18,0.85,double,NA,NA
schools_closed,2020-04-18,1,double,0,0
schools_closed,2020-04-18,1,double,1,1
schools_closed,2020-04-18,1,double,2,2
schools_closed,2020-04-18,1,double,3,3
schools_closed,2020-04-18,1,double,4,4
schools_closed,2020-04-18,1,double,5,5
schools_closed,2020-04-18,1,double,6,6
schools_closed,2020-04-18,1,double,7,7
schools_closed,2020-04-18,1,double,8,8
schools_closed,2020-04-18,1,double,9,9
schools_closed,2020-04-18,1,double,10,10
schools_closed,2020-04-18,1,double,11,11
schools_closed,2020-04-18,1,double,12,12
schools_closed,2020-04-18,1,double,13,13
schools_closed,2020-04-18,1,double,14,14
schools_closed,2020-04-18,1,double,15,15
schools_closed,2020-04-18,1,double,16,16
schools_closed,2020-04-18,1,double,17,17
schools_closed,2020-04-18,1,double,18,18
schools_closed,2020-04-18,1,double,19,19
schools_closed,2020-04-18,1,double,20,20
schools_closed,2020-04-18,1,double,21,21
schools_closed,2020-04-18,1,double,22,22
schools_closed,2020-04-18,1,double,23,23
schools_closed,2020-04-18,1,double,24,24
schools_closed,2020-04-18,1,double,25,25
community_distancing,2020-04-19,0.85,double,NA,NA
workplace_distancing,2020-04-19,0.85,double,NA,NA
schools_closed,2020-04-19,1,double,0,0
schools_closed,2020-04-19,1,double,1,1
schools_closed,2020-04-19,1,double,2,2
schools_closed,2020-04-19,1,double,3,3
schools_closed,2020-04-19,1,double,4,4
schools_closed,2020-04-19,1,double,5,5
schools_closed,2020-04-19,1,double,6,6
schools_closed,2020-04-19,1,double,7,7
schools_closed,2020-04-19,1,double,8,8
schools_closed,2020-04-19,1,double,9,9
schools_closed,2020-04-19,1,double,10,10
schools_closed,2020-04-19,1,double,11,11
schools_closed,2020-04-19,1,double,12,12
schools_closed,2020-04-19,1,double,13,13
schools_closed,2020-04-19,1,double,14,14
schools_closed,2020-04-19,1,double,15,15
schools_closed,2020-04-19,1,double,16,16
schools_closed,2020-04-19,1,double,17,17
schools_closed,2020-04-19,1,double,18,18
schools_closed,2020-04-19,1,double,19,19
schools_closed,2020-04-19,1,double,20,20
schools_closed,2020-04-19,1,double,21,21
schools_closed,2020-04-19,1,double,22,22
schools_closed,2020-04-19,1,double,23,23
schools_closed,2020-04-19,1,double,24,24
schools_closed,2020-04-19,1,double,25,25
community_distancing,2020-04-20,0.85,double,NA,NA
workplace_distancing,2020-04-20,0.85,double,NA,NA
schools_closed,2020-04-20,1,double,0,0
schools_closed,2020-04-20,1,double,1,1
schools_closed,2020-04-20,1,double,2,2
schools_closed,2020-04-20,1,double,3,3
schools_closed,2020-04-20,1,double,4,4
schools_closed,2020-04-20,1,double,5,5
schools_closed,2020-04-20,1,double,6,6
schools_closed,2020-04-20,1,double,7,7
schools_closed,2020-04-20,1,double,8,8
schools_closed,2020-04-20,1,double,9,9
schools_closed,2020-04-20,1,double,10,10
schools_closed,2020-04-20,1,double,11,11
schools_closed,2020-04-20,1,double,12,12
schools_closed,2020-04-20,1,double,13,13
schools_closed,2020-04-20,1,double,14,14
schools_closed,2020-04-20,1,double,15,15
schools_closed,2020-04-20,1,double,16,16
schools_closed,2020-04-20,1,double,17,17
schools_closed,2020-04-20,1,double,18,18
schools_closed,2020-04-20,1,double,19,19
schools_closed,2020-04-20,1,double,20,20
schools_closed,2020-04-20,1,double,21,21
schools_closed,2020-04-20,1,double,22,22
schools_closed,2020-04-20,1,double,23,23
schools_closed,2020-04-20,1,double,24,24
schools_closed,2020-04-20,1,double,25,25
community_distancing,2020-04-21,0.85,double,NA,NA
workplace_distancing,2020-04-21,0.85,double,NA,NA
schools_closed,2020-04-21,1,double,0,0
schools_closed,2020-04-21,1,double,1,1
schools_closed,2020-04-21,1,double,2,2
schools_closed,2020-04-21,1,double,3,3
schools_closed,2020-04-21,1,double,4,4
schools_closed,2020-04-21,1,double,5,5
schools_closed,2020-04-21,1,double,6,6
schools_closed,2020-04-21,1,double,7,7
schools_closed,2020-04-21,1,double,8,8
schools_closed,2020-04-21,1,double,9,9
schools_closed,2020-04-21,1,double,10,10
schools_closed,2020-04-21,1,double,11,11
schools_closed,2020-04-21,1,double,12,12
schools_closed,2020-04-21,1,double,13,13
schools_closed,2020-04-21,1,double,14,14
schools_closed,2020-04-21,1,double,15,15
schools_closed,2020-04-21,1,double,16,16
schools_closed,2020-04-21,1,double,17,17
schools_closed,2020-04-21,1,double,18,18
schools_closed,2020-04-21,1,double,19,19
schools_closed,2020-04-21,1,double,20,20
schools_closed,2020-04-21,1,double,21,21
schools_closed,2020-04-21,1,double,22,22
schools_closed,2020-04-21,1,double,23,23
schools_closed,2020-04-21,1,double,24,24
schools_closed,2020-04-21,1,double,25,25
community_distancing,2020-04-22,0.85,double,NA,NA
workplace_distancing,2020-04-22,0.85,double,NA,NA
schools_closed,2020-04-22,1,double,0,0
schools_closed,2020-04-22,1,double,1,1
schools_closed,2020-04-22,1,double,2,2
schools_closed,2020-04-22,1,double,3,3
schools_closed,2020-04-22,1,double,4,4
schools_closed,2020-04-22,1,double,5,5
schools_closed,2020-04-22,1,double,6,6
schools_closed,2020-04-22,1,double,7,7
schools_closed,2020-04-22,1,double,8,8
schools_closed,2020-04-22,1,double,9,9
schools_closed,2020-04-22,1,double,10,10
schools_closed,2020-04-22,1,double,11,11
schools_closed,2020-04-22,1,double,12,12
schools_closed,2020-04-22,1,double,13,13
schools_closed,2020-04-22,1,double,14,14
schools_closed,2020-04-22,1,double,15,15
schools_closed,2020-04-22,1,double,16,16
schools_closed,2020-04-22,1,double,17,17
schools_closed,2020-04-22,1,double,18,18
schools_closed,2020-04-22,1,double,19,19
schools_closed,2020-04-22,1,double,20,20
schools_closed,2020-04-22,1,double,21,21
schools_closed,2020-04-22,1,double,22,22
schools_closed,2020-04-22,1,double,23,23
schools_closed,2020-04-22,1,double,24,24
schools_closed,2020-04-22,1,double,25,25
community_distancing,2020-04-23,0.85,double,NA,NA
workplace_distancing,2020-04-23,0.85,double,NA,NA
schools_closed,2020-04-23,1,double,0,0
schools_closed,2020-04-23,1,double,1,1
schools_closed,2020-04-23,1,double,2,2
schools_closed,2020-04-23,1,double,3,3
schools_closed,2020-04-23,1,double,4,4
schools_closed,2020-04-23,1,double,5,5
schools_closed,2020-04-23,1,double,6,6
schools_closed,2020-04-23,1,double,7,7
schools_closed,2020-04-23,1,double,8,8
schools_closed,2020-04-23,1,double,9,9
schools_closed,2020-04-23,1,double,10,10
schools_closed,2020-04-23,1,double,11,11
schools_closed,2020-04-23,1,double,12,12
schools_closed,2020-04-23,1,double,13,13
schools_closed,2020-04-23,1,double,14,14
schools_closed,2020-04-23,1,double,15,15
schools_closed,2020-04-23,1,double,16,16
schools_closed,2020-04-23,1,double,17,17
schools_closed,2020-04-23,1,double,18,18
schools_closed,2020-04-23,1,double,19,19
schools_closed,2020-04-23,1,double,20,20
schools_closed,2020-04-23,1,double,21,21
schools_closed,2020-04-23,1,double,22,22
schools_closed,2020-04-23,1,double,23,23
schools_closed,2020-04-23,1,double,24,24
schools_closed,2020-04-23,1,double,25,25
community_distancing,2020-04-24,0.85,double,NA,NA
workplace_distancing,2020-04-24,0.85,double,NA,NA
schools_closed,2020-04-24,1,double,0,0
schools_closed,2020-04-24,1,double,1,1
schools_closed,2020-04-24,1,double,2,2
schools_closed,2020-04-24,1,double,3,3
schools_closed,2020-04-24,1,double,4,4
schools_closed,2020-04-24,1,double,5,5
schools_closed,2020-04-24,1,double,6,6
schools_closed,2020-04-24,1,double,7,7
schools_closed,2020-04-24,1,double,8,8
schools_closed,2020-04-24,1,double,9,9
schools_closed,2020-04-24,1,double,10,10
schools_closed,2020-04-24,1,double,11,11
schools_closed,2020-04-24,1,double,12,12
schools_closed,2020-04-24,1,double,13,13
schools_closed,2020-04-24,1,double,14,14
schools_closed,2020-04-24,1,double,15,15
schools_closed,2020-04-24,1,double,16,16
schools_closed,2020-04-24,1,double,17,17
schools_closed,2020-04-24,1,double,18,18
schools_closed,2020-04-24,1,double,19,19
schools_closed,2020-04-24,1,double,20,20
schools_closed,2020-04-24,1,double,21,21
schools_closed,2020-04-24,1,double,22,22
schools_closed,2020-04-24,1,double,23,23
schools_closed,2020-04-24,1,double,24,24
schools_closed,2020-04-24,1,double,25,25
community_distancing,2020-04-25,0.85,double,NA,NA
workplace_distancing,2020-04-25,0.85,double,NA,NA
schools_closed,2020-04-25,1,double,0,0
schools_closed,2020-04-25,1,double,1,1
schools_closed,2020-04-25,1,double,2,2
schools_closed,2020-04-25,1,double,3,3
schools_closed,2020-04-25,1,double,4,4
schools_closed,2020-04-25,1,double,5,5
schools_closed,2020-04-25,1,double,6,6
schools_closed,2020-04-25,1,double,7,7
schools_closed,2020-04-25,1,double,8,8
schools_closed,2020-04-25,1,double,9,9
schools_closed,2020-04-25,1,double,10,10
schools_closed,2020-04-25,1,double,11,11
schools_closed,2020-04-25,1,double,12,12
schools_closed,2020-04-25,1,double,13,13
schools_closed,2020-04-25,1,double,14,14
schools_closed,2020-04-25,1,double,15,15
schools_closed,2020-04-25,1,double,16,16
schools_closed,2020-04-25,1,double,17,17
schools_closed,2020-04-25,1,double,18,18
schools_closed,2020-04-25,1,double,19,19
schools_closed,2020-04-25,1,double,20,20
schools_closed,2020-04-25,1,double,21,21
schools_closed,2020-04-25,1,double,22,22
schools_closed,2020-04-25,1,double,23,23
schools_closed,2020-04-25,1,double,24,24
schools_closed,2020-04-25,1,double,25,25
community_distancing,2020-04-26,0.85,double,NA,NA
workplace_distancing,2020-04-26,0.85,double,NA,NA
schools_closed,2020-04-26,1,double,0,0
schools_closed,2020-04-26,1,double,1,1
schools_closed,2020-04-26,1,double,2,2
schools_closed,2020-04-26,1,double,3,3
schools_closed,2020-04-26,1,double,4,4
schools_closed,2020-04-26,1,double,5,5
schools_closed,2020-04-26,1,double,6,6
schools_closed,2020-04-26,1,double,7,7
schools_closed,2020-04-26,1,double,8,8
schools_closed,2020-04-26,1,double,9,9
schools_closed,2020-04-26,1,double,10,10
schools_closed,2020-04-26,1,double,11,11
schools_closed,2020-04-26,1,double,12,12
schools_closed,2020-04-26,1,double,13,13
schools_closed,2020-04-26,1,double,14,14
schools_closed,2020-04-26,1,double,15,15
schools_closed,2020-04-26,1,double,16,16
schools_closed,2020-04-26,1,double,17,17
schools_closed,2020-04-26,1,double,18,18
schools_closed,2020-04-26,1,double,19,19
schools_closed,2020-04-26,1,double,20,20
schools_closed,2020-04-26,1,double,21,21
schools_closed,2020-04-26,1,double,22,22
schools_closed,2020-04-26,1,double,23,23
schools_closed,2020-04-26,1,double,24,24
schools_closed,2020-04-26,1,double,25,25
community_distancing,2020-04-27,0.85,double,NA,NA
workplace_distancing,2020-04-27,0.85,double,NA,NA
schools_closed,2020-04-27,1,double,0,0
schools_closed,2020-04-27,1,double,1,1
schools_closed,2020-04-27,1,double,2,2
schools_closed,2020-04-27,1,double,3,3
schools_closed,2020-04-27,1,double,4,4
schools_closed,2020-04-27,1,double,5,5
schools_closed,2020-04-27,1,double,6,6
schools_closed,2020-04-27,1,double,7,7
schools_closed,2020-04-27,1,double,8,8
schools_closed,2020-04-27,1,double,9,9
schools_closed,2020-04-27,1,double,10,10
schools_closed,2020-04-27,1,double,11,11
schools_closed,2020-04-27,1,double,12,12
schools_closed,2020-04-27,1,double,13,13
schools_closed,2020-04-27,1,double,14,14
schools_closed,2020-04-27,1,double,15,15
schools_closed,2020-04-27,1,double,16,16
schools_closed,2020-04-27,1,double,17,17
schools_closed,2020-04-27,1,double,18,18
schools_closed,2020-04-27,1,double,19,19
schools_closed,2020-04-27,1,double,20,20
schools_closed,2020-04-27,1,double,21,21
schools_closed,2020-04-27,1,double,22,22
schools_closed,2020-04-27,1,double,23,23
schools_closed,2020-04-27,1,double,24,24
schools_closed,2020-04-27,1,double,25,25
community_distancing,2020-04-28,0.85,double,NA,NA
workplace_distancing,2020-04-28,0.85,double,NA,NA
schools_closed,2020-04-28,1,double,0,0
schools_closed,2020-04-28,1,double,1,1
schools_closed,2020-04-28,1,double,2,2
schools_closed,2020-04-28,1,double,3,3
schools_closed,2020-04-28,1,double,4,4
schools_closed,2020-04-28,1,double,5,5
schools_closed,2020-04-28,1,double,6,6
schools_closed,2020-04-28,1,double,7,7
schools_closed,2020-04-28,1,double,8,8
schools_closed,2020-04-28,1,double,9,9
schools_closed,2020-04-28,1,double,10,10
schools_closed,2020-04-28,1,double,11,11
schools_closed,2020-04-28,1,double,12,12
schools_closed,2020-04-28,1,double,13,13
schools_closed,2020-04-28,1,double,14,14
schools_closed,2020-04-28,1,double,15,15
schools_closed,2020-04-28,1,double,16,16
schools_closed,2020-04-28,1,double,17,17
schools_closed,2020-04-28,1,double,18,18
schools_closed,2020-04-28,1,double,19,19
schools_closed,2020-04-28,1,double,20,20
schools_closed,2020-04-28,1,double,21,21
schools_closed,2020-04-28,1,double,22,22
schools_closed,2020-04-28,1,double,23,23
schools_closed,2020-04-28,1,double,24,24
schools_closed,2020-04-28,1,double,25,25
community_distancing,2020-04-29,0.85,double,NA,NA
workplace_distancing,2020-04-29,0.85,double,NA,NA
schools_closed,2020-04-29,1,double,0,0
schools_closed,2020-04-29,1,double,1,1
schools_closed,2020-04-29,1,double,2,2
schools_closed,2020-04-29,1,double,3,3
schools_closed,2020-04-29,1,double,4,4
schools_closed,2020-04-29,1,double,5,5
schools_closed,2020-04-29,1,double,6,6
schools_closed,2020-04-29,1,double,7,7
schools_closed,2020-04-29,1,double,8,8
schools_closed,2020-04-29,1,double,9,9
schools_closed,2020-04-29,1,double,10,10
schools_closed,2020-04-29,1,double,11,11
schools_closed,2020-04-29,1,double,12,12
schools_closed,2020-04-29,1,double,13,13
schools_closed,2020-04-29,1,double,14,14
schools_closed,2020-04-29,1,double,15,15
schools_closed,2020-04-29,1,double,16,16
schools_closed,2020-04-29,1,double,17,17
schools_closed,2020-04-29,1,double,18,18
schools_closed,2020-04-29,1,double,19,19
schools_closed,2020-04-29,1,double,20,20
schools_closed,2020-04-29,1,double,21,21
schools_closed,2020-04-29,1,double,22,22
schools_closed,2020-04-29,1,double,23,23
schools_closed,2020-04-29,1,double,24,24
schools_closed,2020-04-29,1,double,25,25
community_distancing,2020-04-30,0.85,double,NA,NA
workplace_distancing,2020-04-30,0.85,double,NA,NA
schools_closed,2020-04-30,1,double,0,0
schools_closed,2020-04-30,1,double,1,1
schools_closed,2020-04-30,1,double,2,2
schools_closed,2020-04-30,1,double,3,3
schools_closed,2020-04-30,1,double,4,4
schools_closed,2020-04-30,1,double,5,5
schools_closed,2020-04-30,1,double,6,6
schools_closed,2020-04-30,1,double,7,7
schools_closed,2020-04-30,1,double,8,8
schools_closed,2020-04-30,1,double,9,9
schools_closed,2020-04-30,1,double,10,10
schools_closed,2020-04-30,1,double,11,11
schools_closed,2020-04-30,1,double,12,12
schools_closed,2020-04-30,1,double,13,13
schools_closed,2020-04-30,1,double,14,14
schools_closed,2020-04-30,1,double,15,15
schools_closed,2020-04-30,1,double,16,16
schools_closed,2020-04-30,1,double,17,17
schools_closed,2020-04-30,1,double,18,18
schools_closed,2020-04-30,1,double,19,19
schools_closed,2020-04-30,1,double,20,20
schools_closed,2020-04-30,1,double,21,21
schools_closed,2020-04-30,1,double,22,22
schools_closed,2020-04-30,1,double,23,23
schools_closed,2020-04-30,1,double,24,24
schools_closed,2020-04-30,1,double,25,25
community_distancing,2020-05-01,0.85,double,NA,NA
workplace_distancing,2020-05-01,0.85,double,NA,NA
schools_closed,2020-05-01,1,double,0,0
schools_closed,2020-05-01,1,double,1,1
schools_closed,2020-05-01,1,double,2,2
schools_closed,2020-05-01,1,double,3,3
schools_closed,2020-05-01,1,double,4,4
schools_closed,2020-05-01,1,double,5,5
schools_closed,2020-05-01,1,double,6,6
schools_closed,2020-05-01,1,double,7,7
schools_closed,2020-05-01,1,double,8,8
schools_closed,2020-05-01,1,double,9,9
schools_closed,2020-05-01,1,double,10,10
schools_closed,2020-05-01,1,double,11,11
schools_closed,2020-05-01,1,double,12,12
schools_closed,2020-05-01,1,double,13,13
schools_closed,2020-05-01,1,double,14,14
schools_closed,2020-05-01,1,double,15,15
schools_closed,2020-05-01,1,double,16,16
schools_closed,2020-05-01,1,double,17,17
schools_closed,2020-05-01,1,double,18,18
schools_closed,2020-05-01,1,double,19,19
schools_closed,2020-05-01,1,double,20,20
schools_closed,2020-05-01,1,double,21,21
schools_closed,2020-05-01,1,double,22,22
schools_closed,2020-05-01,1,double,23,23
schools_closed,2020-05-01,1,double,24,24
schools_closed,2020-05-01,1,double,25,25
community_distancing,2020-05-02,0.85,double,NA,NA
workplace_distancing,2020-05-02,0.85,double,NA,NA
schools_closed,2020-05-02,1,double,0,0
schools_closed,2020-05-02,1,double,1,1
schools_closed,2020-05-02,1,double,2,2
schools_closed,2020-05-02,1,double,3,3
schools_closed,2020-05-02,1,double,4,4
schools_closed,2020-05-02,1,double,5,5
schools_closed,2020-05-02,1,double,6,6
schools_closed,2020-05-02,1,double,7,7
schools_closed,2020-05-02,1,double,8,8
schools_closed,2020-05-02,1,double,9,9
schools_closed,2020-05-02,1,double,10,10
schools_closed,2020-05-02,1,double,11,11
schools_closed,2020-05-02,1,double,12,12
schools_closed,2020-05-02,1,double,13,13
schools_closed,2020-05-02,1,double,14,14
schools_closed,2020-05-02,1,double,15,15
schools_closed,2020-05-02,1,double,16,16
schools_closed,2020-05-02,1,double,17,17
schools_closed,2020-05-02,1,double,18,18
schools_closed,2020-05-02,1,double,19,19
schools_closed,2020-05-02,1,double,20,20
schools_closed,2020-05-02,1,double,21,21
schools_closed,2020-05-02,1,double,22,22
schools_closed,2020-05-02,1,double,23,23
schools_closed,2020-05-02,1,double,24,24
schools_closed,2020-05-02,1,double,25,25
community_distancing,2020-05-03,0.85,double,NA,NA
workplace_distancing,2020-05-03,0.85,double,NA,NA
schools_closed,2020-05-03,1,double,0,0
schools_closed,2020-05-03,1,double,1,1
schools_closed,2020-05-03,1,double,2,2
schools_closed,2020-05-03,1,double,3,3
schools_closed,2020-05-03,1,double,4,4
schools_closed,2020-05-03,1,double,5,5
schools_closed,2020-05-03,1,double,6,6
schools_closed,2020-05-03,1,double,7,7
schools_closed,2020-05-03,1,double,8,8
schools_closed,2020-05-03,1,double,9,9
schools_closed,2020-05-03,1,double,10,10
schools_closed,2020-05-03,1,double,11,11
schools_closed,2020-05-03,1,double,12,12
schools_closed,2020-05-03,1,double,13,13
schools_closed,2020-05-03,1,double,14,14
schools_closed,2020-05-03,1,double,15,15
schools_closed,2020-05-03,1,double,16,16
schools_closed,2020-05-03,1,double,17,17
schools_closed,2020-05-03,1,double,18,18
schools_closed,2020-05-03,1,double,19,19
schools_closed,2020-05-03,1,double,20,20
schools_closed,2020-05-03,1,double,21,21
schools_closed,2020-05-03,1,double,22,22
schools_closed,2020-05-03,1,double,23,23
schools_closed,2020-05-03,1,double,24,24
schools_closed,2020-05-03,1,double,25,25
community_distancing,2020-05-04,0.85,double,NA,NA
workplace_distancing,2020-05-04,0.85,double,NA,NA
schools_closed,2020-05-04,1,double,0,0
schools_closed,2020-05-04,1,double,1,1
schools_closed,2020-05-04,1,double,2,2
schools_closed,2020-05-04,1,double,3,3
schools_closed,2020-05-04,1,double,4,4
schools_closed,2020-05-04,1,double,5,5
schools_closed,2020-05-04,1,double,6,6
schools_closed,2020-05-04,1,double,7,7
schools_closed,2020-05-04,1,double,8,8
schools_closed,2020-05-04,1,double,9,9
schools_closed,2020-05-04,1,double,10,10
schools_closed,2020-05-04,1,double,11,11
schools_closed,2020-05-04,1,double,12,12
schools_closed,2020-05-04,1,double,13,13
schools_closed,2020-05-04,1,double,14,14
schools_closed,2020-05-04,1,double,15,15
schools_closed,2020-05-04,1,double,16,16
schools_closed,2020-05-04,1,double,17,17
schools_closed,2020-05-04,1,double,18,18
schools_closed,2020-05-04,1,double,19,19
schools_closed,2020-05-04,1,double,20,20
schools_closed,2020-05-04,1,double,21,21
schools_closed,2020-05-04,1,double,22,22
schools_closed,2020-05-04,1,double,23,23
schools_closed,2020-05-04,1,double,24,24
schools_closed,2020-05-04,1,double,25,25
community_distancing,2020-05-05,0.85,double,NA,NA
workplace_distancing,2020-05-05,0.85,double,NA,NA
schools_closed,2020-05-05,1,double,0,0
schools_closed,2020-05-05,1,double,1,1
schools_closed,2020-05-05,1,double,2,2
schools_closed,2020-05-05,1,double,3,3
schools_closed,2020-05-05,1,double,4,4
schools_closed,2020-05-05,1,double,5,5
schools_closed,2020-05-05,1,double,6,6
schools_closed,2020-05-05,1,double,7,7
schools_closed,2020-05-05,1,double,8,8
schools_closed,2020-05-05,1,double,9,9
schools_closed,2020-05-05,1,double,10,10
schools_closed,2020-05-05,1,double,11,11
schools_closed,2020-05-05,1,double,12,12
schools_closed,2020-05-05,1,double,13,13
schools_closed,2020-05-05,1,double,14,14
schools_closed,2020-05-05,1,double,15,15
schools_closed,2020-05-05,1,double,16,16
schools_closed,2020-05-05,1,double,17,17
schools_closed,2020-05-05,1,double,18,18
schools_closed,2020-05-05,1,double,19,19
schools_closed,2020-05-05,1,double,20,20
schools_closed,2020-05-05,1,double,21,21
schools_closed,2020-05-05,1,double,22,22
schools_closed,2020-05-05,1,double,23,23
schools_closed,2020-05-05,1,double,24,24
schools_closed,2020-05-05,1,double,25,25
community_distancing,2020-05-06,0.85,double,NA,NA
workplace_distancing,2020-05-06,0.85,double,NA,NA
schools_closed,2020-05-06,1,double,0,0
schools_closed,2020-05-06,1,double,1,1
schools_closed,2020-05-06,1,double,2,2
schools_closed,2020-05-06,1,double,3,3
schools_closed,2020-05-06,1,double,4,4
schools_closed,2020-05-06,1,double,5,5
schools_closed,2020-05-06,1,double,6,6
schools_closed,2020-05-06,1,double,7,7
schools_closed,2020-05-06,1,double,8,8
schools_closed,2020-05-06,1,double,9,9
schools_closed,2020-05-06,1,double,10,10
schools_closed,2020-05-06,1,double,11,11
schools_closed,2020-05-06,1,double,12,12
schools_closed,2020-05-06,1,double,13,13
schools_closed,2020-05-06,1,double,14,14
schools_closed,2020-05-06,1,double,15,15
schools_closed,2020-05-06,1,double,16,16
schools_closed,2020-05-06,1,double,17,17
schools_closed,2020-05-06,1,double,18,18
schools_closed,2020-05-06,1,double,19,19
schools_closed,2020-05-06,1,double,20,20
schools_closed,2020-05-06,1,double,21,21
schools_closed,2020-05-06,1,double,22,22
schools_closed,2020-05-06,1,double,23,23
schools_closed,2020-05-06,1,double,24,24
schools_closed,2020-05-06,1,double,25,25
community_distancing,2020-05-07,0.85,double,NA,NA
workplace_distancing,2020-05-07,0.85,double,NA,NA
schools_closed,2020-05-07,1,double,0,0
schools_closed,2020-05-07,1,double,1,1
schools_closed,2020-05-07,1,double,2,2
schools_closed,2020-05-07,1,double,3,3
schools_closed,2020-05-07,1,double,4,4
schools_closed,2020-05-07,1,double,5,5
schools_closed,2020-05-07,1,double,6,6
schools_closed,2020-05-07,1,double,7,7
schools_closed,2020-05-07,1,double,8,8
schools_closed,2020-05-07,1,double,9,9
schools_closed,2020-05-07,1,double,10,10
schools_closed,2020-05-07,1,double,11,11
schools_closed,2020-05-07,1,double,12,12
schools_closed,2020-05-07,1,double,13,13
schools_closed,2020-05-07,1,double,14,14
schools_closed,2020-05-07,1,double,15,15
schools_closed,2020-05-07,1,double,16,16
schools_closed,2020-05-07,1,double,17,17
schools_closed,2020-05-07,1,double,18,18
schools_closed,2020-05-07,1,double,19,19
schools_closed,2020-05-07,1,double,20,20
schools_closed,2020-05-07,1,double,21,21
schools_closed,2020-05-07,1,double,22,22
schools_closed,2020-05-07,1,double,23,23
schools_closed,2020-05-07,1,double,24,24
schools_closed,2020-05-07,1,double,25,25
community_distancing,2020-05-08,0.85,double,NA,NA
workplace_distancing,2020-05-08,0.85,double,NA,NA
schools_closed,2020-05-08,1,double,0,0
schools_closed,2020-05-08,1,double,1,1
schools_closed,2020-05-08,1,double,2,2
schools_closed,2020-05-08,1,double,3,3
schools_closed,2020-05-08,1,double,4,4
schools_closed,2020-05-08,1,double,5,5
schools_closed,2020-05-08,1,double,6,6
schools_closed,2020-05-08,1,double,7,7
schools_closed,2020-05-08,1,double,8,8
schools_closed,2020-05-08,1,double,9,9
schools_closed,2020-05-08,1,double,10,10
schools_closed,2020-05-08,1,double,11,11
schools_closed,2020-05-08,1,double,12,12
schools_closed,2020-05-08,1,double,13,13
schools_closed,2020-05-08,1,double,14,14
schools_closed,2020-05-08,1,double,15,15
schools_closed,2020-05-08,1,double,16,16
schools_closed,2020-05-08,1,double,17,17
schools_closed,2020-05-08,1,double,18,18
schools_closed,2020-05-08,1,double,19,19
schools_closed,2020-05-08,1,double,20,20
schools_closed,2020-05-08,1,double,21,21
schools_closed,2020-05-08,1,double,22,22
schools_closed,2020-05-08,1,double,23,23
schools_closed,2020-05-08,1,double,24,24
schools_closed,2020-05-08,1,double,25,25
community_distancing,2020-05-09,0.85,double,NA,NA
workplace_distancing,2020-05-09,0.85,double,NA,NA
schools_closed,2020-05-09,1,double,0,0
schools_closed,2020-05-09,1,double,1,1
schools_closed,2020-05-09,1,double,2,2
schools_closed,2020-05-09,1,double,3,3
schools_closed,2020-05-09,1,double,4,4
schools_closed,2020-05-09,1,double,5,5
schools_closed,2020-05-09,1,double,6,6
schools_closed,2020-05-09,1,double,7,7
schools_closed,2020-05-09,1,double,8,8
schools_closed,2020-05-09,1,double,9,9
schools_closed,2020-05-09,1,double,10,10
schools_closed,2020-05-09,1,double,11,11
schools_closed,2020-05-09,1,double,12,12
schools_closed,2020-05-09,1,double,13,13
schools_closed,2020-05-09,1,double,14,14
schools_closed,2020-05-09,1,double,15,15
schools_closed,2020-05-09,1,double,16,16
schools_closed,2020-05-09,1,double,17,17
schools_closed,2020-05-09,1,double,18,18
schools_closed,2020-05-09,1,double,19,19
schools_closed,2020-05-09,1,double,20,20
schools_closed,2020-05-09,1,double,21,21
schools_closed,2020-05-09,1,double,22,22
schools_closed,2020-05-09,1,double,23,23
schools_closed,2020-05-09,1,double,24,24
schools_closed,2020-05-09,1,double,25,25
community_distancing,2020-05-10,0.85,double,NA,NA
workplace_distancing,2020-05-10,0.85,double,NA,NA
schools_closed,2020-05-10,1,double,0,0
schools_closed,2020-05-10,1,double,1,1
schools_closed,2020-05-10,1,double,2,2
schools_closed,2020-05-10,1,double,3,3
schools_closed,2020-05-10,1,double,4,4
schools_closed,2020-05-10,1,double,5,5
schools_closed,2020-05-10,1,double,6,6
schools_closed,2020-05-10,1,double,7,7
schools_closed,2020-05-10,1,double,8,8
schools_closed,2020-05-10,1,double,9,9
schools_closed,2020-05-10,1,double,10,10
schools_closed,2020-05-10,1,double,11,11
schools_closed,2020-05-10,1,double,12,12
schools_closed,2020-05-10,1,double,13,13
schools_closed,2020-05-10,1,double,14,14
schools_closed,2020-05-10,1,double,15,15
schools_closed,2020-05-10,1,double,16,16
schools_closed,2020-05-10,1,double,17,17
schools_closed,2020-05-10,1,double,18,18
schools_closed,2020-05-10,1,double,19,19
schools_closed,2020-05-10,1,double,20,20
schools_closed,2020-05-10,1,double,21,21
schools_closed,2020-05-10,1,double,22,22
schools_closed,2020-05-10,1,double,23,23
schools_closed,2020-05-10,1,double,24,24
schools_closed,2020-05-10,1,double,25,25
community_distancing,2020-05-11,0.85,double,NA,NA
workplace_distancing,2020-05-11,0.85,double,NA,NA
schools_closed,2020-05-11,1,double,0,0
schools_closed,2020-05-11,1,double,1,1
schools_closed,2020-05-11,1,double,2,2
schools_closed,2020-05-11,1,double,3,3
schools_closed,2020-05-11,1,double,4,4
schools_closed,2020-05-11,1,double,5,5
schools_closed,2020-05-11,1,double,6,6
schools_closed,2020-05-11,1,double,7,7
schools_closed,2020-05-11,1,double,8,8
schools_closed,2020-05-11,1,double,9,9
schools_closed,2020-05-11,1,double,10,10
schools_closed,2020-05-11,1,double,11,11
schools_closed,2020-05-11,1,double,12,12
schools_closed,2020-05-11,1,double,13,13
schools_closed,2020-05-11,1,double,14,14
schools_closed,2020-05-11,1,double,15,15
schools_closed,2020-05-11,1,double,16,16
schools_closed,2020-05-11,1,double,17,17
schools_closed,2020-05-11,1,double,18,18
schools_closed,2020-05-11,1,double,19,19
schools_closed,2020-05-11,1,double,20,20
schools_closed,2020-05-11,1,double,21,21
schools_closed,2020-05-11,1,double,22,22
schools_closed,2020-05-11,1,double,23,23
schools_closed,2020-05-11,1,double,24,24
schools_closed,2020-05-11,1,double,25,25
community_distancing,2020-05-12,0.65,double,NA,NA
workplace_distancing,2020-05-12,0.65,double,NA,NA
community_distancing,2020-05-13,0.65,double,NA,NA
workplace_distancing,2020-05-13,0.65,double,NA,NA
community_distancing,2020-05-14,0.65,double,NA,NA
workplace_distancing,2020-05-14,0.65,double,NA,NA
community_distancing,2020-05-15,0.65,double,NA,NA
workplace_distancing,2020-05-15,0.65,double,NA,NA
community_distancing,2020-05-16,0.65,double,NA,NA
workplace_distancing,2020-05-16,0.65,double,NA,NA
community_distancing,2020-05-17,0.65,double,NA,NA
workplace_distancing,2020-05-17,0.65,double,NA,NA
community_distancing,2020-05-18,0.65,double,NA,NA
workplace_distancing,2020-05-18,0.65,double,NA,NA
community_distancing,2020-05-19,0.65,double,NA,NA
workplace_distancing,2020-05-19,0.65,double,NA,NA
community_distancing,2020-05-20,0.65,double,NA,NA
workplace_distancing,2020-05-20,0.65,double,NA,NA
community_distancing,2020-05-21,0.65,double,NA,NA
workplace_distancing,2020-05-21,0.65,double,NA,NA
community_distancing,2020-05-22,0.65,double,NA,NA
workplace_distancing,2020-05-22,0.65,double,NA,NA
community_distancing,2020-05-23,0.65,double,NA,NA
workplace_distancing,2020-05-23,0.65,double,NA,NA
community_distancing,2020-05-24,0.65,double,NA,NA
workplace_distancing,2020-05-24,0.65,double,NA,NA
community_distancing,2020-05-25,0.65,double,NA,NA
workplace_distancing,2020-05-25,0.65,double,NA,NA
community_distancing,2020-05-26,0.65,double,NA,NA
workplace_distancing,2020-05-26,0.65,double,NA,NA
community_distancing,2020-05-27,0.65,double,NA,NA
workplace_distancing,2020-05-27,0.65,double,NA,NA
community_distancing,2020-05-28,0.65,double,NA,NA
workplace_distancing,2020-05-28,0.65,double,NA,NA
community_distancing,2020-05-29,0.65,double,NA,NA
workplace_distancing,2020-05-29,0.65,double,NA,NA
community_distancing,2020-05-30,0.65,double,NA,NA
workplace_distancing,2020-05-30,0.65,double,NA,NA
community_distancing,2020-05-31,0.65,double,NA,NA
workplace_distancing,2020-05-31,0.65,double,NA,NA
community_distancing,2020-06-01,0.65,double,NA,NA
workplace_distancing,2020-06-01,0.65,double,NA,NA
community_distancing,2020-06-02,0.65,double,NA,NA
workplace_distancing,2020-06-02,0.65,double,NA,NA
community_distancing,2020-06-03,0.65,double,NA,NA
workplace_distancing,2020-06-03,0.65,double,NA,NA
community_distancing,2020-06-04,0.65,double,NA,NA
workplace_distancing,2020-06-04,0.65,double,NA,NA
community_distancing,2020-06-05,0.65,double,NA,NA
workplace_distancing,2020-06-05,0.65,double,NA,NA
community_distancing,2020-06-06,0.65,double,NA,NA
workplace_distancing,2020-06-06,0.65,double,NA,NA
community_distancing,2020-06-07,0.65,double,NA,NA
workplace_distancing,2020-06-07,0.65,double,NA,NA
community_distancing,2020-06-08,0.65,double,NA,NA
workplace_distancing,2020-06-08,0.65,double,NA,NA
community_distancing,2020-06-09,0.65,double,NA,NA
workplace_distancing,2020-06-09,0.65,double,NA,NA
community_distancing,2020-06-10,0.65,double,NA,NA
workplace_distancing,2020-06-10,0.65,double,NA,NA
community_distancing,2020-06-11,0.65,double,NA,NA
workplace_distancing,2020-06-11,0.65,double,NA,NA
community_distancing,2020-06-12,0.65,double,NA,NA
workplace_distancing,2020-06-12,0.65,double,NA,NA
community_distancing,2020-06-13,0.65,double,NA,NA
workplace_distancing,2020-06-13,0.65,double,NA,NA
community_distancing,2020-06-14,0.65,double,NA,NA
workplace_distancing,2020-06-14,0.65,double,NA,NA
community_distancing,2020-06-15,0.65,double,NA,NA
workplace_distancing,2020-06-15,0.65,double,NA,NA
community_distancing,2020-06-16,0.65,double,NA,NA
workplace_distancing,2020-06-16,0.65,double,NA,NA
community_distancing,2020-06-17,0.65,double,NA,NA
workplace_distancing,2020-06-17,0.65,double,NA,NA
community_distancing,2020-06-18,0.65,double,NA,NA
workplace_distancing,2020-06-18,0.65,double,NA,NA
community_distancing,2020-06-19,0.65,double,NA,NA
workplace_distancing,2020-06-19,0.65,double,NA,NA
community_distancing,2020-06-20,0.65,double,NA,NA
workplace_distancing,2020-06-20,0.65,double,NA,NA
community_distancing,2020-06-21,0.65,double,NA,NA
workplace_distancing,2020-06-21,0.65,double,NA,NA
community_distancing,2020-06-22,0.65,double,NA,NA
workplace_distancing,2020-06-22,0.65,double,NA,NA
community_distancing,2020-06-23,0.65,double,NA,NA
workplace_distancing,2020-06-23,0.65,double,NA,NA
community_distancing,2020-06-24,0.65,double,NA,NA
workplace_distancing,2020-06-24,0.65,double,NA,NA
community_distancing,2020-06-25,0.65,double,NA,NA
workplace_distancing,2020-06-25,0.65,double,NA,NA
community_distancing,2020-06-26,0.65,double,NA,NA
workplace_distancing,2020-06-26,0.65,double,NA,NA
community_distancing,2020-06-27,0.65,double,NA,NA
workplace_distancing,2020-06-27,0.65,double,NA,NA
community_distancing,2020-06-28,0.65,double,NA,NA
workplace_distancing,2020-06-28,0.65,double,NA,NA
community_distancing,2020-06-29,0.65,double,NA,NA
workplace_distancing,2020-06-29,0.65,double,NA,NA
community_distancing,2020-06-30,0.65,double,NA,NA
workplace_distancing,2020-06-30,0.65,double,NA,NA
community_distancing,2020-07-01,0.65,double,NA,NA
workplace_distancing,2020-07-01,0.65,double,NA,NA
community_distancing,2020-07-02,0.65,double,NA,NA
workplace_distancing,2020-07-02,0.65,double,NA,NA
community_distancing,2020-07-03,0.65,double,NA,NA
workplace_distancing,2020-07-03,0.65,double,NA,NA
community_distancing,2020-07-04,0.65,double,NA,NA
workplace_distancing,2020-07-04,0.65,double,NA,NA
community_distancing,2020-07-05,0.65,double,NA,NA
workplace_distancing,2020-07-05,0.65,double,NA,NA
community_distancing,2020-07-06,0.65,double,NA,NA
workplace_distancing,2020-07-06,0.65,double,NA,NA
community_distancing,2020-07-07,0.65,double,NA,NA
workplace_distancing,2020-07-07,0.65,double,NA,NA
community_distancing,2020-07-08,0.65,double,NA,NA
workplace_distancing,2020-07-08,0.65,double,NA,NA
community_distancing,2020-07-09,0.65,double,NA,NA
workplace_distancing,2020-07-09,0.65,double,NA,NA
community_distancing,2020-07-10,0.65,double,NA,NA
workplace_distancing,2020-07-10,0.65,double,NA,NA
community_distancing,2020-07-11,0.65,double,NA,NA
workplace_distancing,2020-07-11,0.65,double,NA,NA
community_distancing,2020-07-12,0.65,double,NA,NA
workplace_distancing,2020-07-12,0.65,double,NA,NA
community_distancing,2020-07-13,0.65,double,NA,NA
workplace_distancing,2020-07-13,0.65,double,NA,NA
community_distancing,2020-07-14,0.65,double,NA,NA
workplace_distancing,2020-07-14,0.65,double,NA,NA
community_distancing,2020-07-15,0.65,double,NA,NA
workplace_distancing,2020-07-15,0.65,double,NA,NA
community_distancing,2020-07-16,0.65,double,NA,NA
workplace_distancing,2020-07-16,0.65,double,NA,NA
community_distancing,2020-07-17,0.65,double,NA,NA
workplace_distancing,2020-07-17,0.65,double,NA,NA
community_distancing,2020-07-18,0.65,double,NA,NA
workplace_distancing,2020-07-18,0.65,double,NA,NA
community_distancing,2020-07-19,0.65,double,NA,NA
workplace_distancing,2020-07-19,0.65,double,NA,NA
community_distancing,2020-07-20,0.65,double,NA,NA
workplace_distancing,2020-07-20,0.65,double,NA,NA
community_distancing,2020-07-21,0.65,double,NA,NA
workplace_distancing,2020-07-21,0.65,double,NA,NA
community_distancing,2020-07-22,0.65,double,NA,NA
workplace_distancing,2020-07-22,0.65,double,NA,NA
community_distancing,2020-07-23,0.65,double,NA,NA
workplace_distancing,2020-07-23,0.65,double,NA,NA
community_distancing,2020-07-24,0.65,double,NA,NA
workplace_distancing,2020-07-24,0.65,double,NA,NA
community_distancing,2020-07-25,0.65,double,NA,NA
workplace_distancing,2020-07-25,0.65,double,NA,NA
community_distancing,2020-07-26,0.65,double,NA,NA
workplace_distancing,2020-07-26,0.65,double,NA,NA
community_distancing,2020-07-27,0.65,double,NA,NA
workplace_distancing,2020-07-27,0.65,double,NA,NA
community_distancing,2020-07-28,0.65,double,NA,NA
workplace_distancing,2020-07-28,0.65,double,NA,NA
community_distancing,2020-07-29,0.65,double,NA,NA
workplace_distancing,2020-07-29,0.65,double,NA,NA
community_distancing,2020-07-30,0.65,double,NA,NA
workplace_distancing,2020-07-30,0.65,double,NA,NA
community_distancing,2020-07-31,0.65,double,NA,NA
workplace_distancing,2020-07-31,0.65,double,NA,NA
community_distancing,2020-08-01,0.65,double,NA,NA
workplace_distancing,2020-08-01,0.65,double,NA,NA
community_distancing,2020-08-02,0.65,double,NA,NA
workplace_distancing,2020-08-02,0.65,double,NA,NA
community_distancing,2020-08-03,0.65,double,NA,NA
workplace_distancing,2020-08-03,0.65,double,NA,NA
community_distancing,2020-08-04,0.65,double,NA,NA
workplace_distancing,2020-08-04,0.65,double,NA,NA
community_distancing,2020-08-05,0.65,double,NA,NA
workplace_distancing,2020-08-05,0.65,double,NA,NA
community_distancing,2020-08-06,0.65,double,NA,NA
workplace_distancing,2020-08-06,0.65,double,NA,NA
community_distancing,2020-08-07,0.65,double,NA,NA
workplace_distancing,2020-08-07,0.65,double,NA,NA
community_distancing,2020-08-08,0.65,double,NA,NA
workplace_distancing,2020-08-08,0.65,double,NA,NA
community_distancing,2020-08-09,0.65,double,NA,NA
workplace_distancing,2020-08-09,0.65,double,NA,NA
community_distancing,2020-08-10,0.65,double,NA,NA
workplace_distancing,2020-08-10,0.65,double,NA,NA
community_distancing,2020-08-11,0.65,double,NA,NA
workplace_distancing,2020-08-11,0.65,double,NA,NA
community_distancing,2020-08-12,0.65,double,NA,NA
workplace_distancing,2020-08-12,0.65,double,NA,NA
community_distancing,2020-08-13,0.65,double,NA,NA
workplace_distancing,2020-08-13,0.65,double,NA,NA
community_distancing,2020-08-14,0.65,double,NA,NA
workplace_distancing,2020-08-14,0.65,double,NA,NA
community_distancing,2020-08-15,0.65,double,NA,NA
workplace_distancing,2020-08-15,0.65,double,NA,NA
community_distancing,2020-08-16,0.65,double,NA,NA
workplace_distancing,2020-08-16,0.65,double,NA,NA
community_distancing,2020-08-17,0.65,double,NA,NA
workplace_distancing,2020-08-17,0.65,double,NA,NA
community_distancing,2020-08-18,0.65,double,NA,NA
workplace_distancing,2020-08-18,0.65,double,NA,NA
community_distancing,2020-08-19,0.65,double,NA,NA
workplace_distancing,2020-08-19,0.65,double,NA,NA
community_distancing,2020-08-20,0.65,double,NA,NA
workplace_distancing,2020-08-20,0.65,double,NA,NA
community_distancing,2020-08-21,0.65,double,NA,NA
workplace_distancing,2020-08-21,0.65,double,NA,NA
community_distancing,2020-08-22,0.65,double,NA,NA
workplace_distancing,2020-08-22,0.65,double,NA,NA
community_distancing,2020-08-23,0.65,double,NA,NA
workplace_distancing,2020-08-23,0.65,double,NA,NA
community_distancing,2020-08-24,0.65,double,NA,NA
workplace_distancing,2020-08-24,0.65,double,NA,NA
community_distancing,2020-08-25,0.65,double,NA,NA
workplace_distancing,2020-08-25,0.65,double,NA,NA
community_distancing,2020-08-26,0.65,double,NA,NA
workplace_distancing,2020-08-26,0.65,double,NA,NA
community_distancing,2020-08-27,0.65,double,NA,NA
workplace_distancing,2020-08-27,0.65,double,NA,NA
community_distancing,2020-08-28,0.65,double,NA,NA
workplace_distancing,2020-08-28,0.65,double,NA,NA
community_distancing,2020-08-29,0.65,double,NA,NA
workplace_distancing,2020-08-29,0.65,double,NA,NA
