"sim_date","hospital_admissions","hospital_load","cumulative_hospital_admissions","cases_0_9","cases_10_19","cases_20_29","cases_30_39","cases_40_49","cases_50_59","cases_60_69","cases_70_79","cases_80_89","cases_90_","cases","covid19_tests"
"2020-03-01",NA,NA,NA,0,4,1,1,5,3,1,1,0,0,16,82
"2020-03-02",NA,NA,NA,0,4,1,0,4,3,2,1,0,0,15,317
"2020-03-03",NA,NA,NA,1,3,5,4,9,4,1,5,0,0,32,538
"2020-03-04",NA,NA,NA,3,8,6,5,8,5,7,2,1,1,46,701
"2020-03-05",NA,NA,NA,3,5,8,8,8,12,4,3,0,0,51,773
"2020-03-06",NA,NA,NA,2,6,8,10,14,14,6,6,3,1,70,1119
"2020-03-07",NA,NA,NA,0,2,2,4,6,4,2,2,1,0,23,475
"2020-03-08",NA,NA,NA,0,5,6,6,7,10,6,5,3,1,49,483
"2020-03-09",NA,NA,NA,2,4,7,6,18,11,8,2,5,0,63,610
"2020-03-10",NA,NA,NA,1,4,6,8,15,12,7,6,1,1,61,804
"2020-03-11",NA,NA,NA,4,8,11,14,17,16,9,6,8,6,99,1108
"2020-03-12",NA,NA,NA,3,5,14,14,20,16,15,12,12,5,116,1438
"2020-03-13",NA,NA,NA,4,5,19,20,21,20,15,12,15,4,135,2524
"2020-03-14",NA,NA,NA,2,0,12,12,18,16,10,12,12,6,100,2171
"2020-03-15",70,266,70,2,3,10,15,12,15,9,15,15,11,107,1269
"2020-03-16",88,370,158,2,1,14,18,20,18,19,15,18,7,132,1892
"2020-03-17",125,497,283,6,2,17,20,21,17,19,20,19,11,152,2255
"2020-03-18",179,646,462,4,3,19,21,22,22,21,20,18,12,162,2714
"2020-03-19",214,844,676,3,3,21,22,23,24,24,23,21,17,181,3395
"2020-03-20",294,1101,970,5,5,18,22,18,21,21,20,18,12,160,3120
"2020-03-21",322,1384,1292,1,0,15,19,19,22,23,19,20,14,152,2276
"2020-03-22",278,1646,1570,3,1,17,19,21,23,20,21,22,9,156,1414
"2020-03-23",268,1883,1838,9,7,22,23,23,23,22,22,23,18,192,3322
"2020-03-24",420,2140,2258,8,5,21,20,24,21,23,22,22,16,182,3975
"2020-03-25",543,2721,2801,3,6,21,23,21,23,21,21,21,18,178,4282
"2020-03-26",494,3077,3295,5,9,23,24,23,24,23,23,22,13,189,4363
"2020-03-27",587,3650,3882,4,4,20,23,26,24,23,24,20,19,187,4930
"2020-03-28",642,4089,4524,5,6,18,20,22,23,21,20,20,13,168,3850
"2020-03-29",545,4480,5069,3,2,21,18,22,23,19,21,20,13,162,2419
"2020-03-30",486,4897,5555,5,8,22,24,24,24,24,24,24,21,200,4101
"2020-03-31",550,4989,6105,3,10,20,22,23,24,22,21,22,23,190,6432
"2020-04-01",599,5220,6704,6,10,21,23,22,24,24,24,23,21,198,5891
"2020-04-02",572,5383,7276,7,10,24,23,23,26,20,23,25,23,204,6088
"2020-04-03",503,5513,7779,7,6,21,24,25,23,23,24,22,22,197,6718
"2020-04-04",502,5531,8281,3,5,20,21,22,23,21,22,23,21,181,5368
"2020-04-05",360,5620,8641,4,4,18,17,23,23,24,20,24,18,175,3828
"2020-04-06",324,5759,8965,7,9,22,25,24,23,24,24,26,23,207,5840
"2020-04-07",478,5715,9443,5,10,23,22,24,24,23,23,24,23,201,7509
"2020-04-08",464,5616,9907,10,6,22,22,23,21,21,23,24,21,193,7972
"2020-04-09",467,5636,10374,8,11,25,22,24,24,24,24,23,22,207,8224
"2020-04-10",431,5663,10805,3,13,24,23,25,24,22,21,23,22,200,8537
"2020-04-11",392,5437,11197,0,8,21,19,22,21,22,21,22,19,175,8148
"2020-04-12",277,5441,11474,1,3,18,16,17,21,17,20,21,16,150,7287
"2020-04-13",244,5554,11718,3,3,17,16,20,20,20,18,20,16,153,6698
"2020-04-14",253,5532,11971,3,7,23,21,22,24,22,23,24,21,190,8163
"2020-04-15",317,5331,12288,2,12,23,23,24,23,23,23,24,22,199,10984
"2020-04-16",313,5181,12601,6,12,22,23,23,22,21,23,25,23,200,10742
"2020-04-17",306,5088,12907,2,8,21,20,23,22,24,25,24,23,192,11300
"2020-04-18",268,4892,13175,4,6,18,16,21,22,17,17,24,17,162,10312
"2020-04-19",227,4940,13402,7,4,12,17,14,14,16,20,20,17,141,7200
"2020-04-20",184,4996,13586,7,8,18,22,22,23,22,22,22,21,187,11916
"2020-04-21",262,4765,13848,5,8,23,20,21,22,20,21,24,21,185,10878
"2020-04-22",216,4527,14064,2,7,19,19,22,22,19,21,21,19,171,15588
"2020-04-23",204,4355,14268,5,6,20,21,19,19,20,21,21,22,174,17379
"2020-04-24",221,4195,14489,1,6,22,21,21,20,18,19,23,18,169,19068
"2020-04-25",203,3957,14692,3,5,16,10,14,18,12,15,21,14,128,17193
"2020-04-26",130,3968,14822,5,1,8,11,15,18,10,10,17,14,109,13879
"2020-04-27",129,3976,14951,5,7,20,18,23,19,18,19,21,21,171,17472
"2020-04-28",165,3733,15116,4,3,16,19,19,18,16,22,20,16,153,20371
"2020-04-29",185,3609,15301,5,3,20,18,20,18,16,19,18,15,152,22660
"2020-04-30",153,3386,15454,2,8,14,17,18,20,17,17,20,18,151,24870
"2020-05-01",134,3109,15588,3,3,13,13,14,13,11,13,16,14,113,23551
"2020-05-02",82,3080,15670,1,4,16,12,15,15,14,14,19,13,123,16482
"2020-05-03",62,3044,15732,1,3,6,10,8,13,10,10,14,10,85,13430
"2020-05-04",93,3082,15825,6,5,21,19,20,19,20,17,18,15,160,23199
"2020-05-05",123,2868,15948,7,11,18,15,18,21,17,13,22,18,160,21521
"2020-05-06",101,2699,16049,5,10,20,22,21,21,15,18,20,16,168,20762
"2020-05-07",122,2555,16171,5,15,19,18,15,20,17,14,18,17,158,22031
"2020-05-08",79,2381,16250,4,13,18,21,19,21,20,19,20,19,174,25882
"2020-05-09",85,2222,16335,6,7,18,12,19,15,9,14,15,6,121,21012
"2020-05-10",62,2222,16397,1,3,8,8,10,7,11,6,11,6,71,12301
"2020-05-11",48,2230,16445,5,11,20,19,21,18,20,13,20,14,161,11055
"2020-05-12",74,2085,16519,5,12,15,12,17,20,16,14,19,15,145,20515
"2020-05-13",83,1966,16602,5,6,19,20,16,20,13,12,18,18,147,23140
"2020-05-14",66,1862,16668,6,10,18,19,17,16,14,12,16,14,142,20263
"2020-05-15",65,1750,16733,7,9,15,17,17,20,19,13,16,16,149,20884
"2020-05-16",62,1625,16795,5,7,12,11,12,11,9,8,10,5,90,14425
"2020-05-17",45,1614,16840,1,1,8,7,10,8,5,6,7,0,53,10103
"2020-05-18",52,1630,16892,10,7,17,17,14,16,11,14,15,12,133,10710
"2020-05-19",59,1527,16951,6,11,13,18,15,19,14,12,15,14,137,16701
"2020-05-20",77,1448,17028,6,11,18,15,21,18,12,15,16,12,144,18759
"2020-05-21",63,1388,17091,0,3,8,5,6,9,3,1,13,2,50,9878
"2020-05-22",37,1360,17128,7,9,15,18,16,17,15,11,14,12,134,13278
"2020-05-23",56,1296,17184,3,4,9,11,10,10,9,8,13,4,81,9227
"2020-05-24",31,1306,17215,3,5,8,6,8,4,8,3,8,5,58,7022
"2020-05-25",39,1304,17254,4,10,14,19,15,17,14,14,12,7,126,9982
"2020-05-26",39,1150,17293,3,5,16,13,11,17,14,10,15,4,108,16225
"2020-05-27",53,1050,17346,7,5,14,12,16,11,11,13,14,6,109,17772
"2020-05-28",28,939,17374,3,9,12,9,10,11,13,9,10,6,92,13090
"2020-05-29",28,892,17402,6,8,11,14,10,11,10,9,12,9,100,13616
"2020-05-30",42,823,17444,0,1,8,6,5,8,3,6,6,5,48,9729
"2020-05-31",26,818,17470,1,1,9,5,5,6,3,6,7,0,43,6795
"2020-06-01",29,821,17499,2,1,5,6,4,5,8,6,6,3,46,5438
"2020-06-02",36,821,17535,6,8,14,14,15,14,13,10,14,6,114,10656
"2020-06-03",22,739,17557,5,10,13,12,13,12,12,12,8,3,100,14800
"2020-06-04",34,702,17591,4,7,11,13,16,14,10,9,14,8,106,12842
"2020-06-05",30,647,17621,2,8,15,16,14,13,9,12,9,3,101,13083
"2020-06-06",23,573,17644,3,4,6,8,7,6,6,4,6,3,53,11865
"2020-06-07",24,576,17668,3,2,5,7,5,5,7,3,4,3,44,7307
"2020-06-08",18,575,17686,4,9,12,14,16,15,10,10,9,5,104,11013
"2020-06-09",24,527,17710,7,5,12,13,10,16,13,10,7,4,97,15085
"2020-06-10",20,484,17730,7,5,12,9,13,13,6,9,10,3,87,14326
"2020-06-11",33,479,17763,6,4,10,6,8,9,5,4,7,3,62,13941
"2020-06-12",25,425,17788,3,8,14,9,8,9,3,5,8,0,67,13743
"2020-06-13",11,395,17799,1,3,6,6,3,7,3,3,6,2,40,12521
"2020-06-14",16,400,17815,0,0,5,2,1,5,2,2,4,1,22,6245
"2020-06-15",12,393,17827,8,8,11,11,12,14,5,7,9,3,88,11905
"2020-06-16",27,371,17854,3,6,9,11,9,8,10,9,2,2,69,15194
"2020-06-17",19,344,17873,7,6,9,15,7,9,5,7,6,5,76,15312
"2020-06-18",21,340,17894,6,8,11,13,9,10,6,3,7,2,75,13959
"2020-06-19",21,308,17915,9,11,14,12,5,10,7,4,5,3,80,13395
"2020-06-20",18,292,17933,4,3,8,8,2,3,4,5,5,1,43,12534
"2020-06-21",12,295,17945,3,0,2,2,2,2,2,2,2,1,18,6602
"2020-06-22",14,293,17959,12,1,13,11,14,11,9,7,5,4,87,11129
"2020-06-23",12,281,17971,8,6,14,14,13,10,5,8,3,2,83,17383
"2020-06-24",16,268,17987,9,6,13,12,8,6,6,4,5,1,70,18466
"2020-06-25",21,256,18008,4,5,12,8,6,5,4,5,5,0,54,15202
"2020-06-26",18,247,18026,7,7,9,13,11,9,9,2,6,0,73,14554
"2020-06-27",16,237,18042,1,1,7,6,3,6,3,4,4,0,35,10950
"2020-06-28",7,237,18049,1,1,4,2,4,2,2,4,1,2,23,6184
"2020-06-29",14,244,18063,11,6,11,11,12,7,6,3,5,3,75,11992
"2020-06-30",17,222,18080,5,7,16,10,10,8,4,4,4,1,69,16062
"2020-07-01",9,203,18089,5,9,14,12,11,9,4,5,7,1,77,15172
"2020-07-02",13,187,18102,6,6,10,9,9,8,5,6,5,0,64,13607
"2020-07-03",6,168,18108,5,5,7,10,8,9,10,2,7,1,64,12376
"2020-07-04",16,170,18124,5,6,11,4,10,7,4,3,3,2,55,10003
"2020-07-05",7,170,18131,2,0,3,1,4,3,3,1,3,0,20,5800
"2020-07-06",10,169,18141,4,7,9,12,9,11,7,7,3,3,72,10721
"2020-07-07",17,178,18158,3,4,13,12,11,11,6,4,4,1,69,13924
"2020-07-08",9,165,18167,6,5,14,13,9,11,8,5,5,1,77,13859
"2020-07-09",11,160,18178,5,8,12,8,13,14,5,4,3,2,74,12535
"2020-07-10",6,143,18184,4,8,14,11,11,11,6,2,4,1,72,12022
"2020-07-11",11,132,18195,2,4,13,6,8,5,5,4,3,1,51,9290
"2020-07-12",7,130,18202,1,4,5,6,5,4,4,3,1,3,36,5622
"2020-07-13",9,138,18211,6,10,15,12,14,11,8,9,5,3,93,10241
"2020-07-14",18,147,18229,4,13,18,18,13,14,8,7,8,2,105,15070
"2020-07-15",11,150,18240,8,10,19,19,17,14,11,7,4,3,112,16354
"2020-07-16",13,147,18253,8,17,15,11,13,12,6,8,7,2,99,14479
"2020-07-17",11,145,18264,10,8,16,17,16,14,11,6,5,1,104,13993
"2020-07-18",27,161,18291,7,7,13,8,9,11,4,8,4,2,73,10449
"2020-07-19",18,168,18309,2,7,6,6,7,5,3,2,4,0,42,6279
"2020-07-20",14,181,18323,8,14,20,21,18,18,12,9,7,2,129,11901
"2020-07-21",8,172,18331,6,8,12,11,10,9,8,5,8,3,80,11987
"2020-07-22",23,191,18354,9,17,20,22,19,18,15,10,4,3,137,13283
"2020-07-23",33,203,18387,8,11,19,18,17,16,11,11,11,2,124,18285
"2020-07-24",34,218,18421,8,17,21,20,18,17,13,9,6,2,131,18678
"2020-07-25",26,210,18447,10,12,16,18,14,15,6,4,4,3,102,14507
"2020-07-26",15,211,18462,9,9,13,9,13,9,8,6,5,4,85,10981
"2020-07-27",28,222,18490,12,15,14,20,19,16,16,7,7,3,129,14560
"2020-07-28",41,232,18531,13,20,21,23,21,20,16,10,7,8,159,25521
"2020-07-29",35,263,18566,11,22,22,23,23,21,18,10,9,5,164,25480
"2020-07-30",30,267,18596,12,21,16,20,22,19,18,12,10,5,155,26134
"2020-07-31",19,253,18615,13,20,26,24,21,20,12,10,11,6,163,21530
"2020-08-01",29,259,18644,7,19,20,17,14,16,13,7,4,1,118,20418
"2020-08-02",29,271,18673,6,10,13,14,12,9,7,2,4,2,79,11695
"2020-08-03",29,290,18702,18,18,23,22,21,19,15,15,9,5,165,16827
"2020-08-04",20,265,18722,12,20,24,22,24,20,19,13,7,1,162,25451
"2020-08-05",50,293,18772,11,21,25,22,22,19,17,12,8,4,161,26379
"2020-08-06",33,278,18805,15,22,22,20,23,22,18,11,11,7,171,23195
"2020-08-07",33,285,18838,20,26,22,23,20,21,17,11,10,5,175,22826
"2020-08-08",38,281,18876,12,17,20,18,18,16,11,6,4,2,124,16668
"2020-08-09",23,285,18899,4,6,13,10,12,10,7,6,2,1,71,9956
"2020-08-10",41,312,18940,18,21,22,24,22,18,19,16,9,7,176,17036
"2020-08-11",52,307,18992,15,24,22,23,24,21,11,13,8,3,164,25658
"2020-08-12",35,301,19027,14,17,21,18,21,21,18,12,6,9,157,22073
"2020-08-13",46,309,19073,17,18,19,22,22,19,13,10,14,6,160,21859
"2020-08-14",33,312,19106,11,17,23,21,22,16,14,12,9,7,152,18676
"2020-08-15",43,309,19149,6,15,14,12,14,11,8,4,2,0,86,12981
"2020-08-16",29,337,19178,2,13,13,15,11,6,7,7,2,1,77,8932
"2020-08-17",21,341,19199,14,23,20,24,22,20,13,8,9,4,157,17998
"2020-08-18",35,335,19234,14,22,23,24,21,21,16,11,6,3,161,27111
"2020-08-19",39,334,19273,9,20,23,20,21,19,14,6,5,5,142,23088
"2020-08-20",30,303,19303,15,20,24,21,18,19,9,8,6,4,144,23852
"2020-08-21",31,314,19334,16,18,22,24,20,18,13,9,5,1,146,20813
"2020-08-22",26,310,19360,6,11,23,17,17,10,7,4,2,2,99,15631
"2020-08-23",18,312,19378,2,11,15,15,9,9,2,4,3,0,70,8529
"2020-08-24",17,320,19395,10,19,22,23,20,20,14,9,3,2,142,17609
"2020-08-25",12,282,19407,15,21,24,22,20,18,15,10,5,4,154,27040
"2020-08-26",21,260,19428,14,21,21,20,22,17,16,5,8,2,146,24596
"2020-08-27",21,257,19449,13,22,23,20,22,19,15,7,5,2,148,21308
"2020-08-28",19,252,19468,21,22,21,24,22,19,18,9,8,3,167,25114
"2020-08-29",8,230,19476,5,14,23,18,16,12,8,5,5,2,108,19052
"2020-08-30",14,233,19490,6,7,11,15,9,10,6,4,2,0,70,10600
"2020-08-31",18,243,19508,17,21,24,21,21,19,18,10,7,4,162,19657
"2020-09-01",28,226,19536,11,21,22,20,21,17,18,9,8,2,149,28223
"2020-09-02",26,221,19562,12,18,22,21,21,20,15,9,9,1,148,30069
"2020-09-03",13,209,19575,13,21,22,23,23,20,14,11,9,2,158,24017
"2020-09-04",22,215,19597,17,21,22,20,20,22,16,15,10,4,167,26583
"2020-09-05",16,215,19613,11,18,21,19,18,15,7,6,7,2,124,19740
"2020-09-06",17,223,19630,7,13,16,12,14,13,8,3,3,1,90,10963
"2020-09-07",26,235,19656,19,22,24,23,23,21,19,15,11,9,186,23129
"2020-09-08",42,260,19698,17,23,23,23,20,23,18,15,4,4,170,35123
"2020-09-09",24,250,19722,20,21,24,21,20,22,20,14,7,0,169,35047
"2020-09-10",29,249,19751,18,24,24,23,22,21,22,16,14,5,189,36232
"2020-09-11",31,254,19782,16,23,24,25,23,23,22,19,9,3,187,38042
"2020-09-12",35,260,19817,12,23,25,24,23,16,20,7,11,5,166,27126
"2020-09-13",41,293,19858,10,16,20,18,14,15,12,13,4,2,124,19155
"2020-09-14",34,318,19892,19,25,26,25,23,24,20,19,15,7,203,29307
"2020-09-15",50,315,19942,20,27,25,24,24,24,19,17,15,8,203,42303
"2020-09-16",46,353,19988,17,24,25,24,24,25,21,19,17,5,201,46674
"2020-09-17",49,371,20037,17,23,25,24,24,23,21,18,11,4,190,43222
"2020-09-18",58,392,20095,18,23,27,23,24,22,23,20,15,6,201,41428
"2020-09-19",58,421,20153,15,21,26,24,23,23,19,16,14,4,185,26392
"2020-09-20",50,432,20203,7,20,21,20,20,17,15,13,8,1,142,21874
"2020-09-21",61,490,20264,15,25,26,24,23,24,23,21,20,10,211,34932
"2020-09-22",76,505,20340,17,25,26,24,24,25,22,20,16,8,207,45049
"2020-09-23",74,550,20414,19,24,25,25,24,23,22,22,17,4,205,44434
"2020-09-24",93,602,20507,18,24,24,23,23,21,20,18,15,8,194,40555
"2020-09-25",74,620,20581,17,23,25,21,23,25,23,19,17,6,199,37845
"2020-09-26",54,626,20635,13,23,24,20,21,21,19,17,12,4,174,33439
"2020-09-27",51,654,20686,9,22,21,18,20,17,13,15,10,6,151,20395
"2020-09-28",74,708,20760,16,23,24,24,24,24,23,18,17,12,205,28557
"2020-09-29",91,716,20851,18,23,24,23,23,24,21,19,20,13,208,48302
"2020-09-30",89,739,20940,19,24,24,23,24,24,22,20,19,13,212,46694
"2020-10-01",90,773,21030,19,23,25,23,24,24,23,19,18,10,208,41753
"2020-10-02",75,789,21105,21,23,26,24,24,23,23,22,18,11,215,41778
"2020-10-03",79,819,21184,16,23,25,23,24,23,23,20,16,8,201,34240
"2020-10-04",91,866,21275,10,21,23,20,24,20,20,17,14,8,177,17961
"2020-10-05",91,937,21366,19,24,25,24,23,24,24,23,21,11,218,27391
"2020-10-06",113,952,21479,19,25,25,25,24,24,23,24,21,16,226,45882
"2020-10-07",145,1050,21624,20,25,24,26,24,24,24,24,22,14,227,54459
"2020-10-08",131,1110,21755,22,25,24,25,24,25,24,22,22,16,229,50165
"2020-10-09",151,1191,21906,23,24,25,24,25,24,24,24,23,19,235,53751
"2020-10-10",165,1260,22071,22,25,26,26,23,24,25,22,19,15,227,47596
"2020-10-11",141,1334,22212,17,25,26,24,24,25,24,21,22,11,219,30373
"2020-10-12",179,1473,22391,24,25,25,26,25,26,24,25,24,19,243,44535
"2020-10-13",224,1622,22615,25,24,28,24,25,26,24,23,23,20,242,59536
"2020-10-14",266,1778,22881,21,26,26,25,25,25,24,25,23,21,241,72982
"2020-10-15",292,1951,23173,23,26,27,26,26,28,25,24,24,22,251,66248
"2020-10-16",252,2099,23425,25,24,27,26,25,27,24,24,23,22,247,68694
"2020-10-17",365,2267,23790,24,24,26,25,25,24,24,23,23,19,237,61899
"2020-10-18",271,2497,24061,20,24,26,24,24,24,24,22,23,17,228,44689
"2020-10-19",274,2773,24335,25,24,28,27,26,25,25,24,23,22,249,55924
"2020-10-20",428,2978,24763,24,24,25,25,25,27,24,24,24,23,245,78333
"2020-10-21",437,3275,25200,24,24,25,27,25,26,25,24,23,24,247,80815
"2020-10-22",520,3649,25720,24,24,27,25,24,27,24,24,23,22,244,79979
"2020-10-23",617,4056,26337,23,26,27,26,27,24,26,24,23,22,248,69154
"2020-10-24",610,4408,26947,24,24,25,24,25,24,24,25,23,23,241,63605
"2020-10-25",529,4825,27476,21,23,26,24,25,24,25,22,22,14,226,39465
"2020-10-26",545,5268,28021,24,24,26,26,26,24,24,24,25,23,246,50161
"2020-10-27",707,5548,28728,22,25,25,26,25,24,24,24,24,24,243,71450
"2020-10-28",759,5924,29487,23,25,25,25,25,25,25,24,25,22,244,78093
"2020-10-29",688,6187,30175,22,24,24,25,26,26,25,24,24,23,243,71919
"2020-10-30",748,6439,30923,23,24,27,26,26,26,24,25,25,24,250,66019
"2020-10-31",707,6502,31630,22,24,25,26,24,24,24,24,24,22,239,54587
"2020-11-01",578,6824,32208,16,22,24,24,25,24,25,22,24,21,227,24162
"2020-11-02",612,7233,32820,21,25,25,27,26,25,25,25,24,22,245,28928
"2020-11-03",899,7461,33719,23,24,28,25,24,24,24,24,24,23,243,54876
"2020-11-04",675,7411,34394,20,24,27,25,26,24,25,24,24,23,242,44998
"2020-11-05",577,7290,34971,22,24,24,25,25,24,24,24,24,21,237,45721
"2020-11-06",606,7224,35577,21,25,26,26,27,26,25,25,23,23,247,39364
"2020-11-07",516,6895,36093,18,23,24,24,25,24,24,22,22,19,225,32359
"2020-11-08",415,6955,36508,14,20,22,25,24,23,22,20,22,14,206,13302
"2020-11-09",443,7221,36951,22,24,24,24,27,25,24,24,24,22,240,22365
"2020-11-10",618,7058,37569,18,25,27,26,25,25,23,24,24,23,240,39203
"2020-11-11",565,6879,38134,14,21,25,25,24,24,23,22,21,20,219,31789
"2020-11-12",414,7010,38548,20,24,27,24,25,24,24,24,24,22,238,28050
"2020-11-13",526,6762,39074,21,25,25,24,26,24,24,22,23,21,235,37804
"2020-11-14",461,6505,39535,18,23,24,25,24,24,23,24,23,20,228,26469
"2020-11-15",305,6518,39840,15,17,22,21,23,21,21,21,21,15,197,13824
"2020-11-16",285,6580,40125,20,23,26,24,24,24,24,24,23,22,234,21451
"2020-11-17",380,6240,40505,19,23,24,24,24,24,24,23,23,23,231,40333
"2020-11-18",358,5930,40863,18,23,24,24,24,23,23,23,24,21,227,36628
"2020-11-19",363,5651,41226,18,24,24,26,24,24,24,21,23,20,228,35245
"2020-11-20",323,5418,41549,17,23,25,24,25,24,25,23,24,18,228,34399
"2020-11-21",261,5017,41810,15,20,25,22,23,23,24,22,21,17,212,21511
"2020-11-22",215,5025,42025,6,16,23,22,23,17,19,21,18,12,177,10728
"2020-11-23",211,5076,42236,23,24,24,24,24,24,23,22,24,21,233,22544
"2020-11-24",305,4783,42541,22,23,25,25,26,24,24,22,24,22,237,42287
"2020-11-25",285,4570,42826,19,23,24,24,25,24,23,23,22,17,224,37199
"2020-11-26",257,4376,43083,17,24,26,25,23,24,24,22,23,20,228,34180
"2020-11-27",234,4215,43317,21,23,25,24,24,24,23,23,22,20,229,33696
"2020-11-28",225,3994,43542,15,22,25,24,22,24,20,21,21,20,214,25778
"2020-11-29",149,3989,43691,7,15,24,19,23,20,20,13,18,13,172,9628
"2020-11-30",123,4014,43814,21,25,24,24,24,24,23,23,23,20,231,23532
"2020-12-01",208,3707,44022,23,24,25,24,25,22,23,23,22,20,231,44351
"2020-12-02",238,3590,44260,22,23,25,24,24,23,24,24,24,19,232,36654
"2020-12-03",196,3417,44456,21,23,24,24,25,24,24,23,22,23,233,34154
"2020-12-04",219,3348,44675,23,23,25,24,23,24,24,23,23,21,233,36225
"2020-12-05",226,3163,44901,16,21,22,23,22,23,21,21,21,11,201,24748
"2020-12-06",151,3210,45052,12,17,18,22,19,21,17,20,16,13,175,10538
"2020-12-07",147,3272,45199,22,23,24,24,24,24,23,23,23,20,230,26604
"2020-12-08",215,3136,45414,22,24,24,24,24,24,23,24,24,23,236,45892
"2020-12-09",185,3034,45599,21,23,23,24,23,24,22,22,22,21,225,41509
"2020-12-10",207,2961,45806,21,24,24,24,25,24,24,22,21,18,227,38198
"2020-12-11",184,2896,45990,24,24,24,24,24,24,24,22,22,19,231,38585
"2020-12-12",185,2770,46175,18,22,22,24,23,24,18,17,19,14,201,29983
"2020-12-13",187,2861,46362,15,18,22,19,21,18,19,18,16,16,182,13636
"2020-12-14",125,2888,46487,21,23,24,24,24,24,24,23,23,19,229,31456
"2020-12-15",225,2772,46712,22,24,24,24,24,24,23,22,23,22,232,52971
"2020-12-16",201,2707,46913,21,22,24,24,24,24,23,23,22,19,226,50567
"2020-12-17",208,2683,47121,22,23,24,24,24,24,24,22,22,20,229,46287
"2020-12-18",201,2616,47322,23,24,24,23,24,23,23,23,22,21,230,42279
"2020-12-19",198,2523,47520,16,23,23,23,23,24,22,19,19,16,208,32933
"2020-12-20",133,2538,47653,13,17,21,23,20,20,16,17,15,13,175,14444
"2020-12-21",139,2610,47792,23,23,24,24,24,24,22,23,24,21,232,32482
"2020-12-22",219,2557,48011,18,23,24,24,24,24,24,23,23,19,226,51829
"2020-12-23",190,2471,48201,21,22,24,24,24,24,23,23,23,15,223,41201
"2020-12-24",211,2447,48412,20,23,24,24,24,24,23,22,22,19,225,36891
"2020-12-25",151,2282,48563,10,14,20,19,16,20,17,16,15,12,159,13058
"2020-12-26",95,2286,48658,16,22,23,24,22,23,22,18,20,14,204,17856
"2020-12-27",158,2359,48816,14,18,22,23,21,21,20,15,17,12,183,13429
"2020-12-28",150,2440,48966,20,24,25,24,24,24,23,23,22,20,229,29048
"2020-12-29",208,2417,49174,18,24,24,24,24,24,24,24,23,17,226,41407
"2020-12-30",159,2333,49333,17,23,24,23,24,23,22,21,22,16,215,32677
"2020-12-31",145,2187,49478,21,23,24,24,24,23,23,24,20,19,225,30508
"2021-01-01",150,2081,49628,7,16,18,20,22,20,16,17,17,13,166,11933
"2021-01-02",110,2122,49738,16,22,24,24,23,23,22,22,18,12,206,18577
"2021-01-03",137,2185,49875,13,20,21,23,24,23,19,17,14,11,185,17637
"2021-01-04",110,2226,49985,21,23,24,24,24,24,24,20,22,20,226,40229
"2021-01-05",149,2130,50134,22,24,24,24,25,24,24,23,24,21,235,60064
"2021-01-06",145,2076,50279,18,24,24,24,24,24,24,22,23,20,227,55217
"2021-01-07",156,2018,50435,18,24,24,24,25,24,24,22,22,16,223,44353
"2021-01-08",141,1996,50576,19,24,24,24,23,24,25,21,22,13,219,46443
"2021-01-09",137,1927,50713,17,26,26,24,23,23,23,21,16,18,217,38227
"2021-01-10",85,1955,50798,15,20,22,20,21,20,20,16,17,15,186,22918
"2021-01-11",94,2020,50892,22,25,25,24,24,25,24,23,21,20,233,44039
"2021-01-12",139,1966,51031,20,24,25,24,25,24,24,20,21,19,226,67137
"2021-01-13",142,1943,51173,21,23,24,24,25,24,24,22,24,15,226,56968
"2021-01-14",133,1915,51306,18,24,26,25,25,25,24,23,21,17,228,43318
"2021-01-15",142,1883,51448,20,24,25,25,24,23,23,22,21,15,222,43992
"2021-01-16",111,1828,51559,15,20,24,23,22,23,21,20,21,11,200,33946
"2021-01-17",79,1892,51638,10,20,20,19,21,19,18,16,16,8,167,16770
"2021-01-18",105,1974,51743,21,23,27,25,25,24,23,23,21,19,231,37504
"2021-01-19",187,1960,51930,23,24,23,24,24,24,24,22,21,14,223,63471
"2021-01-20",144,1938,52074,23,23,25,24,25,24,22,23,22,16,227,53463
"2021-01-21",148,1941,52222,23,23,24,26,24,24,23,23,21,17,228,45566
"2021-01-22",158,1923,52380,24,23,25,24,24,24,23,22,22,16,227,50759
"2021-01-23",143,1888,52523,22,22,24,24,24,24,21,15,18,15,209,38441
"2021-01-24",106,1923,52629,21,20,21,23,20,20,18,15,19,10,187,21688
"2021-01-25",92,1954,52721,22,25,24,24,24,24,24,22,23,18,230,44272
"2021-01-26",153,1928,52874,24,24,24,26,25,24,24,24,21,15,231,65075
"2021-01-27",121,1850,52995,22,23,25,25,24,23,22,23,22,16,225,62221
"2021-01-28",138,1819,53133,23,24,25,25,24,24,23,20,21,16,225,55853
"2021-01-29",119,1810,53252,25,24,24,24,24,24,24,21,23,22,235,56279
"2021-01-30",137,1760,53389,22,24,24,26,25,23,24,20,16,11,215,47101
"2021-01-31",77,1788,53466,18,21,23,22,23,21,19,15,14,8,184,22130
"2021-02-01",128,1852,53594,23,24,25,25,24,24,23,23,24,18,233,45815
"2021-02-02",142,1794,53736,25,23,24,25,23,24,22,23,19,16,224,68261
"2021-02-03",142,1785,53878,22,25,24,25,24,25,23,24,21,14,227,60702
"2021-02-04",141,1751,54019,24,24,23,28,24,24,24,22,19,16,228,54083
"2021-02-05",144,1737,54163,25,24,25,24,24,24,23,21,20,15,225,57084
"2021-02-06",123,1650,54286,21,23,24,24,24,25,20,18,17,10,206,42009
"2021-02-07",108,1678,54394,17,22,24,22,19,21,15,13,14,5,172,19066
"2021-02-08",72,1698,54466,26,24,24,24,24,24,24,23,21,17,231,44885
"2021-02-09",163,1674,54629,22,23,25,24,24,24,24,22,20,17,225,60755
"2021-02-10",132,1652,54761,22,24,24,25,23,24,24,24,22,16,228,49920
"2021-02-11",137,1642,54898,23,25,24,25,25,23,22,21,21,13,222,46278
"2021-02-12",132,1634,55030,24,24,23,25,25,24,24,22,20,15,226,46440
"2021-02-13",107,1567,55137,23,24,25,24,24,23,20,18,17,11,209,34147
"2021-02-14",91,1598,55228,18,17,20,21,20,21,16,17,12,9,171,15965
"2021-02-15",84,1639,55312,23,24,24,24,25,23,24,23,22,18,230,38641
"2021-02-16",145,1600,55457,23,24,24,25,25,24,24,23,22,16,230,49416
"2021-02-17",141,1610,55598,23,24,25,25,24,25,24,23,21,12,226,43139
"2021-02-18",142,1588,55740,23,24,25,25,24,24,23,21,20,12,221,40026
"2021-02-19",125,1607,55865,24,24,25,24,26,24,25,23,20,17,232,41662
